SUBJECT_ID,SUBJECT_CODE,SUBJECT_NAME_TH,OFFICERCODE,YEAR,SEMETER,ASK_ANS
53032507,2234301,การจัดการระบบสารสนเทศในองค์กร,2501,2562,2,"เรียนแล้วสนุกมากได้คิดตามตลอดเลยค่ะ
อยากให้มีช่วงทำงานกลุ่มเยอะขึ้น
เวลาระดมหัวคิดกับเพื่อนแล้วสนุกดีค่ะ"
53049052,2244301,การจัดการระบบสารสนเทศในองค์กร,2501,2563,1,จารครับขอให้พูดเรืองอื่นน้อยหน่อยครับ ตอนหนึ่งจารคุยสไลย์หนึงเป็น2ชัวโมงครับ
53049052,2244301,การจัดการระบบสารสนเทศในองค์กร,2501,2564,1,เรียนกับอาจารย์ทั้งได้ความรู้ และสนุกค่ะ
53049052,2244301,การจัดการระบบสารสนเทศในองค์กร,2501,2565,1,ดีคับ
53048231,2231101,วิทยาการคอมพิวเตอร์และเทคโนโลยีสารสนเทศเบื้องต้น,2501,2561,1,ดีมากครับ
53048231,2231101,วิทยาการคอมพิวเตอร์และเทคโนโลยีสารสนเทศเบื้องต้น,2501,2561,1,อาจารย์สอนดีมากๆครับ
53049040,2231204,โครงสร้างข้อมูล,2501,2561,1,ดี
53049040,2231204,โครงสร้างข้อมูล,2501,2562,1,อาจารย์สอนดีครับ
53049040,2231204,โครงสร้างข้อมูล,2501,2563,1,ดีมากครับ
53049040,2231204,โครงสร้างข้อมูล,2501,2563,1,ขอบคุณครับ
53049040,2231204,โครงสร้างข้อมูล,2501,2563,1,สอนแบบไม่มีกลางสอบภาค ไม่มีคะแนนเก็บ สอบปลายภาคอย่างเดียวข้อกา90ข้อ เขียน2 ไม่มีโอกาศได้ถอน ตอบผิดคะแนน1 จำกัดความคิดมากๆ
53049040,2231204,โครงสร้างข้อมูล,2501,2563,2,ดีมากครับ
53049040,2231204,โครงสร้างข้อมูล,2501,2564,1,สอนไวเกินครับ
53049040,2231204,โครงสร้างข้อมูล,2501,2564,1,อาจารย์สอนเป็นวิชาการเกินไป
53049040,2231204,โครงสร้างข้อมูล,2501,2564,1,เยี่ยมๆ
53048480,2235302,เครือข่ายคอมพิวเตอร์,2501,2561,2,"อาจารย์สอนเร็วจังค่ะ งื้อๆ  
สอนช้าอีกนิดนึง "
53048480,2235302,เครือข่ายคอมพิวเตอร์,2501,2563,2,ดีมากครับ
53048480,2235302,เครือข่ายคอมพิวเตอร์,2501,2563,2,2 วันสุดท้ายอาจารย์สอนดีมากเลยครับอยากให้เป็นแบบนี้ทั้งเทอมจะได้ไม่น่าเบื่อครับ
53048480,2235302,เครือข่ายคอมพิวเตอร์,2501,2564,2,อยากให้จารย์พูดช้าลงครับฟังไม่ค่อยจะทัน
53049865,2245404,การจัดการเครือข่ายคอมพิวเตอร์,2501,2562,1,ปานกลาง
53055502,2231204,โครงสร้างข้อมูล,2501,2565,1,อาจารย์สอนดีมาก สอนเข้าใจ แต่อยากให้ ชีท เอกสารประกอบการสอนของอาจารย์เป็นภาษาไทยด้วย 
53055502,2231204,โครงสร้างข้อมูล,2501,2565,1,อาจารย์อธิบายค่อนข้างละเอียดค่ะ เข้าใจง่าย
53055502,2231204,โครงสร้างข้อมูล,2501,2565,1,มีเมตตา เข้าใจเด็ก และการสอนที่ดีแบบอกไม่ถูก แค่ตั้งใจฟังจดตัวอย่างตาม ทุกอย่างคือง่ายไปหมด หัวข้อทุกข้ออาจารย์ยกมาให้เห็นภาพจนเข้าใจไม่ปล่อยทิ้งไว้ลอยๆ แบะอาจารย์เป็นกลางมากในเรื่องของกฎเกณฑ์ และในเรื่องของที่รักที่ชัง หนูประทับใจมากเพราะหลายวิชาหนูมักเจอแบบนี้
53055502,2231204,โครงสร้างข้อมูล,2501,2566,1,เป็นวิชาที่เสียงอาจารย์กล่อมให้หลับได้ง่ายๆเพราะเน้นทฤษฎีและพื้นฐานความเข้าใจของนักศึกษาเลยอยากให้มีสิ่งที่มาช่วยดึงความสนใจหรือทดลองแบบทดสอบเล็กๆน้อยๆคับ
53055502,2231204,โครงสร้างข้อมูล,2501,2566,1,สอนดีแล้วครับ ออกสอบยากไปหน่อย ต้องประยุกต์
53055520,2235302,เครือข่ายคอมพิวเตอร์,2501,2565,2,สอนเร็วไปค่ะ 
53055520,2235302,เครือข่ายคอมพิวเตอร์,2501,2565,2,อยากให้สอนช้ากว่านี้ สอนพอเข้าใจแต่พอทำแลปทำให้เห็นภาพการสอนมากกว่าการไม่ทำแลป
53055520,2235302,เครือข่ายคอมพิวเตอร์,2501,2565,2,สอนเร็วมาก
53055520,2235302,เครือข่ายคอมพิวเตอร์,2501,2566,2,ไม่รู้ว่าอาจารย์สอนเข้าหรือหนูไม่เข้าใจเอง
53055520,2235302,เครือข่ายคอมพิวเตอร์,2501,2566,2,อยากให้ออกข้อสอบปรนัย ทั้งกลางภาคและปลายภาค
53055520,2235302,เครือข่ายคอมพิวเตอร์,2501,2566,2,อาจารย์เก่งจริงอันนี้ยอมรับ  แต่แค่เราไม่สามารถตามความเก่งของอาจารย์ได้เบย ขอโทษด้วยครับ/ค่ะ
53055520,2235302,เครือข่ายคอมพิวเตอร์,2501,2566,2,บอกว่าข้อเขียนล้วนก่อนสอบตื่นเต้นดีครับ แต่ไม่อยากตื่นเต้นอีกแล้ว
53055520,2235302,เครือข่ายคอมพิวเตอร์,2501,2566,2,"คาดหวังให้มันจบทุก Layer จริงๆ นะจารย์ 555+
อย่างที่อาจารย์เคยพูด ผมว่ามันโอเครที่จะลองสอนแบบ ไม่ต้องรอมากขนาดนั้นก็ได้ เนื้อหามันสนุกมากครับ อยากเรียนให้จบครบจริงๆ คือพวกผม Sec 3 เก่าตอนปี 1 จะมีคนติวหลักของวิชาอาจารย์โดยเฉพาะอยู่แล้ว อารมณ์แบบนักศึกษาแพทย์นั่งอ่านช่วยเหลือกันก่อนสอบ เนื้อหาเดี๋ยวให้เป็นหน้าที่พวกผมสอนๆ กันเอง ก็ได้ครับ รุ่นน้องรุ่นนี้ก็มีบางส่วนทักรุ่นพวกผมอยู่หลายคน น้องเค้าไม่เข้าใจตรงไหนเค้าทักมาตลอดครับ ผมว่ามันทำได้ น่าจะมีช่องทางติดต่ออาจารย์ทางไลน์ก็ดีนะครับ คือว่า ผมค่อนข้างจะเสียเวลาทำความเข้าใจเนื้อหาบางส่วนเอง ถ้าถามตรงๆ อาจจะทำเนื้อหาต่างๆ ทันก่อนสอบ"
53055520,2235302,เครือข่ายคอมพิวเตอร์,2501,2566,2,จารย์สอนดีแล้วค่ะ ทำให้เนื้อหาส่วนใหญ่เข้าใจง่ายขี้น ตอนอธิบายเพิ่มอาจารย์ลองเขียนใส่สักอย่างที่ทั้งห้องจะเห็นชัดไหมค่ะ
53055520,2235302,เครือข่ายคอมพิวเตอร์,2501,2566,2,ขอคะแนนจากลมฟ้าอากาศกลับคืนมา
53055520,2235302,เครือข่ายคอมพิวเตอร์,2501,2566,2,สอนดีนะครับ หมายถึงว่าผู้สอนเข้าใจเนื้อหาในการสอนทั้งหมด แต่สอนได้ไวมากครับ ช่วยลดความเร็วลงหน่อยก็ดีนะครับ
53055520,2235302,เครือข่ายคอมพิวเตอร์,2501,2566,2,อยากให้มีการแปลไทยของบทเรียน
53055534,2235312,ปฏิบัติการเครือข่ายคอมพิวเตอร์,2501,2565,2,สอน lap เร็วเกินไปครับ
53055534,2235312,ปฏิบัติการเครือข่ายคอมพิวเตอร์,2501,2565,2,อยากให้สอนช้าลงกว่านี้
53055534,2235312,ปฏิบัติการเครือข่ายคอมพิวเตอร์,2501,2565,2,ไม่รู้เรื่อง
53055534,2235312,ปฏิบัติการเครือข่ายคอมพิวเตอร์,2501,2566,2,"การประเมินอาจารย์รอบสองนี้บอกเลยคุณพี่ไม่มีแผ่วเลยฮะ โหดแบบเดิมเพิ่มเติมปฏิบัติสนุกไม่หลับ แต่ทุกคนพร้อมใจจูงมือตอนออกจากห้องสอบว่า
 ’ติด F ยกเซคแน่เลยพวกเรา‘"
53055534,2235312,ปฏิบัติการเครือข่ายคอมพิวเตอร์,2501,2566,2,"ปัญหาเพื่อนๆ ไม่ได้อยู่ที่เนื้อหาแลป ปัญหาอยู่ที่เพื่อนๆผม พิมพ์กันช้าครับ เลยไม่ทันเนื้อหาแลปกันเยอะ เลยปล่อยวิชานี้กัน ลองพิมพ์คำสั่งนึงแล้วหยุดสักนิดนึงอธิบายหน่อยว่าผลที่ควรจะออกมาเป็นอะไรแล้วค่อยกด Enter เพื่อโชว์ผลลัพธ์ก็ได้ครับ เปิดแชร์จอก็ดีครับบางคนมองไม่เห็นอันนี้ก็ปัญหาหลัก โดยรวมถือว่าดีมากครับ

 ขอโทดแทนเพื่อนผมด้วยนะครับ 555+ ปลายทาง = Destiny โชคชะตา อยู่คนละห้องกันแต่เพื่อนมาเล่าหลายๆ อย่างให้ฟังครับ"
53055534,2235312,ปฏิบัติการเครือข่ายคอมพิวเตอร์,2501,2566,2,สอนช้ากว่านี้หน่อยก็ดีค่ะ เล็งมองคำสั่งไม่ทันไม่เห็นค่ะ
53055534,2235312,ปฏิบัติการเครือข่ายคอมพิวเตอร์,2501,2566,2,มองจอ projector ไม่ชัด เพ่งแล้วปวดตา พอพิมผิดพิมตามต่อไม่ทัน และไม่กล้าขัดจังหวะการสอน ขอให้อาจารย์เปิด gg meet แล้วแต่อาจารย์กล่าวผมจะสอนแค่นี้คับ(ไม่เปิด)
53055540,2244303,ระบบสนับสนุนการตัดสินใจ,2501,2566,1,อาจารย์สอนดีมากครับ แต่วิชายากมาครับ
53055540,2244303,ระบบสนับสนุนการตัดสินใจ,2501,2566,1,ควรมีสอบกลางภาค
53032504,2233303,การวิเคราะห์และออกแบบระบบ,2502,2560,1, อาจารย์ใจดี ค่ะ สอนเข้าใจ น่าจะให้สอนทุกวิชาสาขาเลย ค่ะ
53032518,2233411,โครงงานทางวิทยาการคอมพิวเตอร์ 2,2502,2561,2,ช่วยทำโครงงานจนเสร็จได้ครับ
53049863,2243212,ระบบจัดการฐานข้อมูล,2502,2563,2,ดีมากครับ
53048230,2231102,หลักการเขียนโปรแกรมคอมพิวเตอร์,2502,2561,1,อาจารย์สอนดีครับ แต่ผมไม่เข้าใจเอง
53048230,2231102,หลักการเขียนโปรแกรมคอมพิวเตอร์,2502,2561,1,ขอบคุณครับ
53048230,2231102,หลักการเขียนโปรแกรมคอมพิวเตอร์,2502,2561,1,อาจารย์สอนดีมกครับ เข้าใจได้ง่าย สามารถนำไปใช้ในชีวิตจริงได้
53048230,2231102,หลักการเขียนโปรแกรมคอมพิวเตอร์,2502,2561,1,อาจารย์สอนดีมากเลยค่ะ ใจดีกับนักศึกษาทุกคนให้คำปรึกษาได้ดี 
53048230,2231102,หลักการเขียนโปรแกรมคอมพิวเตอร์,2502,2561,1,ชอบการสอนของอาจารย์มากๆเลยค่ะ 
53048230,2231102,หลักการเขียนโปรแกรมคอมพิวเตอร์,2502,2561,1,อาจารย์ใจดีมากๆครับ
53048230,2231102,หลักการเขียนโปรแกรมคอมพิวเตอร์,2502,2560,1,ดี
53048230,2231102,หลักการเขียนโปรแกรมคอมพิวเตอร์,2502,2561,1,อาจารย์น่ารัก และ สอนเป็นกันเองมากครับ
53048230,2231102,หลักการเขียนโปรแกรมคอมพิวเตอร์,2502,2562,1,อาจารย์สอนดีมากครับ เข้าใจง่าย มีคะแนนเก็บค่อยช่วยเหลือ ชอบเรียนกับอาจารย์มากครับ
53048230,2231102,หลักการเขียนโปรแกรมคอมพิวเตอร์,2502,2562,1,อาจารย์ผู้สอนเอาใจใส่กับผู้เรียนได้ดีมาก
53048230,2231102,หลักการเขียนโปรแกรมคอมพิวเตอร์,2502,2562,1,สอนดีแล้วครับ
53048230,2231102,หลักการเขียนโปรแกรมคอมพิวเตอร์,2502,2563,1,อาจารย์เอาใจใส่นักศึกษามากๆ ให้โอกาสถามและตอบได้ดี สุดยอดมากครับบบ
53048230,2231102,หลักการเขียนโปรแกรมคอมพิวเตอร์,2502,2563,1,อาจารย์สอนดีเข้าใจง่ายค่ะ
53049049,2233303,การวิเคราะห์และออกแบบระบบ,2502,2562,1,ดี 
53049049,2233303,การวิเคราะห์และออกแบบระบบ,2502,2562,2,ทุกอย่าง Perfect
53049049,2233303,การวิเคราะห์และออกแบบระบบ,2502,2565,1,อาจารย์ให้ความช่วยเหลือดีมาก ๆ 
53049048,2233302,ระบบฐานข้อมูล,2502,2563,2,อาจารย์สอนดีมากเลยครับ ^^ 
53049048,2233302,ระบบฐานข้อมูล,2502,2564,2,อยากให้ตอนปฎิบัติลดความเร็วลงหน่อยครับพิมพ์ตามไม่ค่อยจะทัน
53049059,2233411,โครงงานทางวิทยาการคอมพิวเตอร์ 2,2502,2566,2,สอนดีอธิบายเกี่ยวกับวิชาที่เรียนให้เข้าใจง่ายมากขึ้น
53049864,2243413,โครงงานทางเทคโนโลยีสารสนเทศ 1,2502,2562,2,ปานกลาง
53055480,2233302,ระบบฐานข้อมูล,2502,2565,2,ดีมาก
53055480,2233302,ระบบฐานข้อมูล,2502,2566,2,"ผมคิดไปเองรึป่าวแต่เสียงอาจารย์ดูง่วงแปลกๆ 555+ เอ่อ...ผมว่าระบบสุ่มถามตอบมีประสิทธิภาพมากกว่าครับ ไม่ชอบแบบนั่งฟังเฉยๆ เลย แต่ไม่เอาแบบถามตอบให้คะแนนแบบอาจารย์ชนาเนตรนะครับ บางคำถามมันยากง่ายไม่เหมือนกันไม่แฟร์เลย มันทำให้น้อยใจไม่อยากตอบบางที ถามตอบเล่นๆ เช็คว่าหลับป่าวไรงี้ก็ได้ครับ
เนื้อหาโอเคร แต่ผมมาสายบ่อย ไม่เข้าใจเลย 555+ ไม่ได้อ่านสอบวิชานี้เลย มัวแต่เครียดกับวิชาอื่น ขอโทษด้วยครับ"
53055487,2231102,หลักการเขียนโปรแกรมคอมพิวเตอร์,2502,2564,1,ใจดีมากค่ะ
53055487,2231102,หลักการเขียนโปรแกรมคอมพิวเตอร์,2502,2564,1,รบกวนครูยกตัวอย่างการเขียนโค้ดให้เข้าใจกว่านี้นิดนึงครับ
53055487,2231102,หลักการเขียนโปรแกรมคอมพิวเตอร์,2502,2564,1,ไม่ค่อยเข้าใจเรื่องที่เรียนเท่าไหร่เลยค่ะ
53055487,2231102,หลักการเขียนโปรแกรมคอมพิวเตอร์,2502,2564,1,ดีครับ 
53055487,2231102,หลักการเขียนโปรแกรมคอมพิวเตอร์,2502,2564,1,อาจารย์ใจดีและเสนอแนะให้ดีมากๆครับ ขอบคุณครับอาจารย์
53055487,2231102,หลักการเขียนโปรแกรมคอมพิวเตอร์,2502,2565,1,ชอบครับ สอนดีมาก อยากให้ปรับปรุงเรื่องการสอนนิดนึง เพราะเข้าใจค่อนข้างยาก สำหรับคนที่ไม่เคยมีประสบการณ์
53055487,2231102,หลักการเขียนโปรแกรมคอมพิวเตอร์,2502,2565,1,สอนไม่ค่อยรู้เรื่อง สอนไว 
53055487,2231102,หลักการเขียนโปรแกรมคอมพิวเตอร์,2502,2565,1,โดยรวมอาจารย์ผู้สอนมีการเรียนการสอนอยู่ในระดับเกณฑ์ที่ดีค่อนข้างพึงพอใจในการเรียนการสอนครับ
53055487,2231102,หลักการเขียนโปรแกรมคอมพิวเตอร์,2502,2565,1,อาจารย์ผู้เป็นดุจดั่งแม่ที่คอยดูแลบูกทุกคน เราขอขอบคุณและรู้สึกประทับใจกับทุกๆการสอนของท่านคับ
53055487,2231102,หลักการเขียนโปรแกรมคอมพิวเตอร์,2502,2566,1,สอนเร็วค่ะ
53055487,2231102,หลักการเขียนโปรแกรมคอมพิวเตอร์,2502,2566,1,สอนเร็วไปนิดครับ
53055487,2231102,หลักการเขียนโปรแกรมคอมพิวเตอร์,2502,2566,1,คอมห้องที่ใช้เรียนช้า
53055487,2231102,หลักการเขียนโปรแกรมคอมพิวเตอร์,2502,2566,1,"อาจารย์สอนดีนะคะ แต่ถ้ามีตัวอย่างให้ดูเยอะๆ และแบบฝึกที่มีโจทย์หลากหลายให้นักศึกษาลองทำจะดีมากๆค่ะ ถ้าได้คอมที่เร็วแรงกว่านี้จะดีมากๆๆเลยค่ะ

"
53055487,2231102,หลักการเขียนโปรแกรมคอมพิวเตอร์,2502,2566,1,ดีคับ
53055487,2231102,หลักการเขียนโปรแกรมคอมพิวเตอร์,2502,2566,1,ขอบคุณครับ
53055500,2233303,การวิเคราะห์และออกแบบระบบ,2502,2566,1,อาจารย์ใจดีมากๆเลยค่ะ ไม่เข้าใจตรงไหนถามได้หมด ตอบไลน์ไวมากๆ ปรึกษาได้ตลอด
53055530,2233323,ปฏิบัติการระบบฐานข้อมูล,2502,2565,2,ดีครับ
53055530,2233323,ปฏิบัติการระบบฐานข้อมูล,2502,2566,2,สอนใช้พวก Mongo DB ด้วยก็ดีครับ
53055561,2243212,ระบบจัดการฐานข้อมูล,2502,2566,2,ดีมากครับ
53049866,2242307,ระบบฝังตัว,2503,2562,1,ปานกลาง
53050123,2321409,การจัดการข้อมูลดิจิทัล,2503,2566,1,อาจารย์ใจดี ตั้งใจสอนมากค่ะ
53047821,2230110,เครือข่ายอินเทอร์เน็ต,2503,2561,1,อาจารย์ สอนดีครับ
53047821,2230110,เครือข่ายอินเทอร์เน็ต,2503,2562,2,อาจารย์สอนเข้าใจง่าย
53047821,2230110,เครือข่ายอินเทอร์เน็ต,2503,2563,1,อ.ไม่ได้สอนครับ
53047821,2230110,เครือข่ายอินเทอร์เน็ต,2503,2563,1,ไม่เคยได้เรียนกับอาาจารย์คนนี้ครับ
53047821,2230110,เครือข่ายอินเทอร์เน็ต,2503,2563,2,ดี
53047821,2230110,เครือข่ายอินเทอร์เน็ต,2503,2563,2,เฉยๆ
53049041,2231205,การเขียนโปรแกรมเชิงวัตถุ,2503,2562,1,อาจารย์สอนดีครับ
53049041,2231205,การเขียนโปรแกรมเชิงวัตถุ,2503,2563,1,ดีมากครับ
53049056,2231413,การศึกษาเฉพาะเรื่องทางการพัฒนาโปรแกรมคอมพิวเตอร์,2503,2565,1,อาจารย์สอนสนุก ให้ความช่วยเหลือดีมาก ๆ
53049058,2233322,การวิเคราะห์และออกแบบเชิงวัตถุ,2503,2563,2,ดีมากครับ
53049069,2001301,การเตรียมสหกิจศึกษา,2503,2562,2,ปานกลาง
53049069,2001301,การเตรียมสหกิจศึกษา,2503,2565,1,ดีคับ
53049063,2242306,ไมโครคอนโทรลเลอร์,2503,2563,2,ดีมากครับ
53054970,2230110,อินเทอร์เน็ตในชีวิตประจำวัน,2503,2564,1,ดี
53054970,2230110,อินเทอร์เน็ตในชีวิตประจำวัน,2503,2564,1,ผ่านครับ
53054970,2230110,อินเทอร์เน็ตในชีวิตประจำวัน,2503,2564,1,ขอชื่อวิชาที่ตรงกับวิชาจริงๆ
53054970,2230110,อินเทอร์เน็ตในชีวิตประจำวัน,2503,2565,2,ตอนเรียนวิชานี้ ผมไม่เคยเห็นอาจารย์ท่านนี้เลยครับ ผมเลยไม่รู้ว่าจะประเมินยังไง
53054970,2230110,อินเทอร์เน็ตในชีวิตประจำวัน,2503,2565,2,ได้เรียนกับอาจารย์ผู้หญิงท่านเดียวค่ะ
53054970,2230110,อินเทอร์เน็ตในชีวิตประจำวัน,2503,2565,2,อุปกดีใช้งานเข้าใจง่ายแต่อาจจะไม่เพียงพอต่อนักศึกษามากนัก
53055536,2242306,ไมโครคอนโทรลเลอร์,2503,2565,2,ดีเยี่ยมครับ
53055536,2242306,ไมโครคอนโทรลเลอร์,2503,2566,2,เรียนสนุกมาก
53055536,2242306,ไมโครคอนโทรลเลอร์,2503,2566,2,เอ๊ะ! รูปไปไหนคับ
53055536,2242306,ไมโครคอนโทรลเลอร์,2503,2566,2,"อยากให้โปรเจคจบเพิ่มความยากหน่อยครับ จะได้ให้เหมือนซ้อมทำโปรเจคใหญ่ต้องซื้อของนั่นนี่นู้น รวมกลุ่มกันทำ 4 คนแบบจริงจัง อยากได้ภายแบบนี้มากครับ
เห็นเพื่อนมหาลัยอื่นเล่ามาดูน่าสนุกมากครับ"
53032500,2232304,ระบบปฏิบัติการ,2504,2560,1,สอนดีมากครับ
53044304,2234404,โครงงานทางเทคโนโลยีสารสนเทศ 2,2504,2562,2,ดีมากค่ะ
53049867,2243414,โครงงานทางเทคโนโลยีสารสนเทศ 2,2504,2565,1,ดีคับ
53048460,2231103,ระเบียบวิธีการเขียนโปรแกรม,2504,2560,2,สอนเข้าใจรู้เรื่องดีมากค้ะ
53048460,2231103,ระเบียบวิธีการเขียนโปรแกรม,2504,2560,2,ปานกลาง
53048460,2231103,ระเบียบวิธีการเขียนโปรแกรม,2504,2561,2,สนุกดีครับได้ความรู้ด้วย
53048460,2231103,ระเบียบวิธีการเขียนโปรแกรม,2504,2561,2,อาจารย์สอนสนุกมากค่ะ สอดแทรกความรู้ทำให้เข้าใจได้เยอะมาก
53048460,2231103,ระเบียบวิธีการเขียนโปรแกรม,2504,2562,2,สอนดีแล้วครับ
53049045,2232304,ระบบปฏิบัติการ,2504,2562,1,ปานกลาง
53049045,2232304,ระบบปฏิบัติการ,2504,2563,1,เรียนออนไลน์ สัปดาห์แรกๆที่มีคลิปที่ อาจาร์ยอัดไว้แล้ว ให้นักศึกษาไปนั่งดูเอง แล้ว อาจาร์ยนัดมาทำควิช ผมรู้สึกว่ามันดีกว่า 
53049045,2232304,ระบบปฏิบัติการ,2504,2565,1,จารใจดีมากคับ
53055488,2231103,ระเบียบวิธีการเขียนโปรแกรม,2504,2566,2,อาจารย์สอนดีมากค่ะ ถึงจะเจอกันแค่คาบเดียวก็ตาม 
53055488,2231103,ระเบียบวิธีการเขียนโปรแกรม,2504,2566,2,ไม่เคยเจออาจารย์
53055562,2241215,การเขียนโปรแกรมบนเว็บ,2504,2566,1,ขอ mini project ง่ายๆหน่อยครับอาจารย์
53055562,2241215,การเขียนโปรแกรมบนเว็บ,2504,2566,1,อาจารย์บางทีปล่อยช้า เนื้อหาที่สอน บางตัวไม่ได้ใช้ และ เวลาการสอนหลายๆบทเรียนไม่ทัน แต่รวมๆดีครับ ได้สนุกกับการเขียนเว็บมากๆ
53055562,2241215,การเขียนโปรแกรมบนเว็บ,2504,2566,1,ควรให้ pdf มาให้ เพื่อให้ทำความเข้าใจในการเรียนมากยิ้งขึ้นไม่ควรปล่อยเลทเกิน 10 นาทีอยากให้มีเวลาพักเบรคบ้างอัดความรู้มาเยอะจนรับไม่ไหวควรให้เวลาในการทำ project มากกว่านี้ 
53055562,2241215,การเขียนโปรแกรมบนเว็บ,2504,2566,1,ควรสั่งงานแล้วให้กำหนดส่งก่อนสอบหรือก่อนช่วงสอบ
53032924,2230101,คอมพิวเตอร์พื้นฐาน,2506,2560,1,"มีสื่อการเรียนการสอนที่ละเอียด เข้าใจง่ายมากขึ้น อาจารย์สามารถให้คำปรึกษาเกี่ยวกับคอมพิวเตอร์ได้เข้าใจ เป็นกันเองไม่กดดันเด็ก มีอุปกรณ์ที่สะดวกในการสอน
"
53047818,2230107,โปรแกรมสำเร็จรูป,2506,2560,2,ดี
53047818,2230107,โปรแกรมสำเร็จรูป,2506,2560,2,เนื้อหาเยอะดีค่ะแต่ตามไม่ทัน
53047818,2230107,โปรแกรมสำเร็จรูป,2506,2560,2,ดี
53047818,2230107,โปรแกรมสำเร็จรูป,2506,2560,2,การเรียนการสอนดีมาก สอนได้เข้าใจและปฏิบัติตามได้ดี แต่ไม่ควรขึ้นเสียงใส่นักศึกษาในขณะที่นักศึกษาพูดจาดีๆด้วย การกระทำตุบโต๊ะและตะหวาดเสียงใส่นักศึกษาต่อหน้าทุกคนมันเป็นการกระทำที่ก่อให้เกิดความอับอาย เพราะไม่ใช่นักศึกษาทุกคนที่จะชอบด้านคอมพิวเตอร์หรือมีความรู้ด้านคอมพิวเตอร์ ควรจะใจเย็นและพูดจากับนักศึกษาให้ดีกว่านี้ การกระทำในวันนั้นมันทำให้นักศึกษาฝังใจและไม่อยากเรียนวิชาที่เกี่ยวกับคอมพิวเตอร์อีกเลย
53047819,2230108,เทคโนโลยีสารสนเทศเพื่อการเรียนรู้,2506,2561,1,รักอาจารย์นะคะจุ้บๆ
53047819,2230108,เทคโนโลยีสารสนเทศเพื่อการเรียนรู้,2506,2561,1,อาจารย์ใจดีมากค่ะ ถามเยอะแค่ไหนก็คอยตอบตลอด ใส่ใจนักผศึกษาดีค่ะ
53047819,2230108,เทคโนโลยีสารสนเทศเพื่อการเรียนรู้,2506,2561,1,สอนดี
53047819,2230108,เทคโนโลยีสารสนเทศเพื่อการเรียนรู้,2506,2561,1,อาจารย์ใจดี
53047819,2230108,เทคโนโลยีสารสนเทศเพื่อการเรียนรู้,2506,2561,1,"อาจารย์ใส่ใจนักศึกษา

"
53047818,2230107,โปรแกรมสำเร็จรูป,2507,2561,2,"อาจารย์มีการสอนไปด้วย และแทรกอารมณ์ขัยเข้าไปด้วยเพื่อไม่ให้นักศึกษาเครียดเกินไป
และการเรียนการสอนในแต่ละอาทิตย์จะมีใบระบุเป็นกิจลักษณะชัดเจน"
53047818,2230107,โปรแกรมสำเร็จรูป,2507,2561,2,อาจารย์สอนดีมากครับ นักศึกษาเข้าใจง่าย
53047818,2230107,โปรแกรมสำเร็จรูป,2507,2561,2,สอนดีครับ
53047818,2230107,โปรแกรมสำเร็จรูป,2507,2562,1,อ.น่ารัก
53047818,2230107,โปรแกรมสำเร็จรูป,2507,2562,1,ดีเเล้วครับ
53047818,2230107,โปรแกรมสำเร็จรูป,2507,2562,2,วิธีสอนเข้าใจง่าย
53047818,2230107,โปรแกรมสำเร็จรูป,2507,2562,2,สอนดีแล้วครับ
53047818,2230107,โปรแกรมสำเร็จรูป,2507,2562,2,อาจารย์สอนดีครับ
53047818,2230107,โปรแกรมสำเร็จรูป,2507,2563,1,บางทีอาจารย์สอนเร็วไปหน่อยค่ะ แต่โดยรวมแล้วอาจารย์สอนเข้าใจได้ง่าย ขอบคุณค่ะ :)
53047818,2230107,โปรแกรมสำเร็จรูป,2507,2563,2,สุดยอดอาจารย์
53054967,2230107,โปรแกรมสำเร็จรูป,2507,2564,1,ให้งานเยอะมากๆมีงานทุกคาบแต่ดีตรงที่อาจารย์มีคลิปย้อนหลังให้ขอAรัวๆเลยนะคะงานทุกงานถึงจะเยอะแต่ตั้งใจทำฝุดๆ
53054967,2230107,โปรแกรมสำเร็จรูป,2507,2564,1,อาจารย์น่ารักมากๆค่ะ ใจดีพูดเพราะ อยากเรียนด้วยตลอดไปค่า
53054967,2230107,โปรแกรมสำเร็จรูป,2507,2564,1,อาจารย์สอนดีเเละให้ปฏิบัติจริงซึ่งบางเรื่องที่หนูไม่เคยรู้เกี่ยวกับword powerpoint excel อาจารย์ก็ทำให้รู้เเละเข้าใจนำไปใช้ได้จริง ปกติหนูจะกลัวการเรียนคอมมาตลอดเเต่ครั้งนี้อาจารย์ทำให้มันต่างออกไป หนูอยากเรียนเเต่สนใจมากขึ้น ขอบคุณมากๆค่ะอาจารย์
53054967,2230107,โปรแกรมสำเร็จรูป,2507,2564,1,เยี่ยมๆๆๆ
53054967,2230107,โปรแกรมสำเร็จรูป,2507,2564,1,อาจารย์ใจดีค่ะ น่ารักการบ้านยากบ้างง่ายบ้าง ส่งช้าอาจารย์ตามงานด้วย
53054967,2230107,โปรแกรมสำเร็จรูป,2507,2564,1,ตอนสอบเราต้องการสมาธิมากๆค่ะ แต่ตลอดการสอบอาจารจะพูดคุยหรือบางครั้งก็ขำคิกคักตลอดค่ะ จริงๆอาจารคุยได้นะคะแต่ปิดไมค์เถอะค่ะ เด็กไม่มีสมาธิ เวลาให้ทำข้อสอบก็น้อย อาจารยังพูดเสียงดังอีกค่ะ การเรียนการสอนดีมากแล้ว ติดแค่ตรงนี้ค่ะ
53054967,2230107,โปรแกรมสำเร็จรูป,2507,2564,2,อ.สอนดีครับ มนุษย์สัมพันธ์กับนักศึกษาดี เข้าใจนักศึกษา
53054967,2230107,โปรแกรมสำเร็จรูป,2507,2564,2,อาจารย์สอนดีมากๆเลยค่ะ ให้ปฏิบัติจริงๆ รักอาจารย์นะคะจุ๊บๆ
53054967,2230107,โปรแกรมสำเร็จรูป,2507,2564,2,ตรวจงานเช้าไปหน่อยครับแก้งานไม่ทัน55555
53054967,2230107,โปรแกรมสำเร็จรูป,2507,2564,2,สอนดีมากครับ
53054967,2230107,โปรแกรมสำเร็จรูป,2507,2565,1,"อาจารย์สอนดีมากๆค่ะ ไม่เข้าใจตรงไหนถามได้ แล้วเดินเข้ามาอธิบายให้ฟังอีกรอบแบบไม่บ่นเลยค่ะ สอนแบบเข้าใจมากด้วยสามารถเอาไปใช้ในชีวิตประจำวันได้
"
53054967,2230107,โปรแกรมสำเร็จรูป,2507,2565,1,เรียนกับอาจารย์สนุกดีค่ะ มีวิดิโอย้อนหลังให้ด้วย เป็นกำลังใจให้อาจารย์สอนต่อไปนะค่ะ<3
53054967,2230107,โปรแกรมสำเร็จรูป,2507,2565,1,อาจารย์สอนดีมากครับ เวลานักศึกษาไม่เข้าใจ ก็เดินสอนอย่างทั่วถึงครับ
53054967,2230107,โปรแกรมสำเร็จรูป,2507,2565,1,อยากให้อุปกรใน มหาวิทยาลัย ดีกว่านี้
53054967,2230107,โปรแกรมสำเร็จรูป,2507,2565,2,ไม่มีข้อเสนอแนะครับ เพราะอาจารย์สอนดีครับแล้วเข้าใจง่าย
53054967,2230107,โปรแกรมสำเร็จรูป,2507,2565,2,สอนเข้าใจดี
53054967,2230107,โปรแกรมสำเร็จรูป,2507,2565,2,อาจารย์น่ารักและตามงานเด็กสนใจเด็กเป็นอย่างมากค่ะให้คำแนะนำได้ดีค่ะ
53054967,2230107,โปรแกรมสำเร็จรูป,2507,2565,2,อาจารย์ใจดี ช่วยสอนนศ.ถ้านศไม่เข้าใจในห้อง
53054967,2230107,โปรแกรมสำเร็จรูป,2507,2565,2,อาจารย์สอนเข้าใจดีเลยครับ อุปกรณ์การสอนครบถ้วนน
53054967,2230107,โปรแกรมสำเร็จรูป,2507,2566,1,สอนไวไป
53054967,2230107,โปรแกรมสำเร็จรูป,2507,2566,1,อาจารย์ตั้งใจสอน และใจดีมากๆค่ะ 
53054967,2230107,โปรแกรมสำเร็จรูป,2507,2566,1,"อาจารย์สอนเข้าใจให้งานไวแล้วก็พูดดีมากๆด้วยค่ะ เนื้อหาครบ แต่อยากให้อาจารย์พูดลดความเร็วตอนสอนลงนิดนึงค่ะ ขอบคุณค่ะอาจารย์สำหรับเทอมนี้ ขอ A ทีนะคะ
"
53054967,2230107,โปรแกรมสำเร็จรูป,2507,2566,1,ครูผู้สอนใจดีมากไม่เข้าใจตรงไหนถามได้ตลอด
53054967,2230107,โปรแกรมสำเร็จรูป,2507,2566,1,อาจารย์ใจดีมากค่ะ หนูอยากเรียนกับอาจารย์อีกนะคะ
53054967,2230107,โปรแกรมสำเร็จรูป,2507,2566,1,สอนดีมากค่าาา เข้าใจละเอียดยิบ ไม่ดุ
53054967,2230107,โปรแกรมสำเร็จรูป,2507,2566,2,อาจารย์น่ารักมากครับ
53054967,2230107,โปรแกรมสำเร็จรูป,2507,2566,2,อาจารย์สอนดีมากค่ะ ขอโทษที่ขาดเรียนบ่อยนะคะ
53054967,2230107,โปรแกรมสำเร็จรูป,2507,2566,2,ขอบคุณอาจารย์ที่สอนมาอย่างดีครับผม
53032947,2230107,โปรแกรมสำเร็จรูป,2508,2560,1,อาจารย์สอนเข้าใจดีค่ะ แต่อาจารย์พูดเร็วเกิน รอนักศึกษาก่อน555
53032947,2230107,โปรแกรมสำเร็จรูป,2508,2560,1,สุดติ่งกระดิ่งแมว โอ้โหเฮะ
53047818,2230107,โปรแกรมสำเร็จรูป,2508,2560,2,สอนได้เยี่ยมมากๆ
53047818,2230107,โปรแกรมสำเร็จรูป,2508,2560,2,ปานกลาง
53047818,2230107,โปรแกรมสำเร็จรูป,2508,2561,1,อาจารย์สอนเร็วมากๆ นักศึกษาเรียนตามไม่ทัน แล้วแล็คเซอร์ไม่ทัน ทำให้เกิดผลสอบน้อยกว่าเกณฑ์
53047818,2230107,โปรแกรมสำเร็จรูป,2508,2561,1,สอนเข้าใจง่าย แสอนเข้าใจง่าย แต่เวลาออกข้อสอบยากมากมากคะ อยากให้อาจารย์ออกง่ายกว่านี้นิดหนึ่ง #อาจารย์น่ารัก 
53047818,2230107,โปรแกรมสำเร็จรูป,2508,2561,1,สอนดีค่ะ
53047818,2230107,โปรแกรมสำเร็จรูป,2508,2561,1,ชอบอาจารย์สอนดีค่ะ
53047818,2230107,โปรแกรมสำเร็จรูป,2508,2561,1,สอนแน่นมากค่ะ ตรงเวลาเป๊ะๆ
53047818,2230107,โปรแกรมสำเร็จรูป,2508,2561,1,อยากให้อาจารย์รับความคิดเห็นของนักศึกษาบ้างค่ะ
53047818,2230107,โปรแกรมสำเร็จรูป,2508,2561,1,อาจารย์สอนดีมากค่ะ ทำให้เข้าใจอะไรที่เราไม่รู้มากขึ้น
53047818,2230107,โปรแกรมสำเร็จรูป,2508,2561,1,อาจารย์ก็สอนดีนะคะ แต่บางครั้งอาจารย์ให้นักศึกษารอแล้วจะมาบอกที่หลังอย่างนี่พอนักศึกษามาถามอาจารย์กลับว่าให้นักศึกษาใช่หรอคะ บางครั้งอาจารย์ก็สอนเร็วเกินไปจนนักศึกษาตามไม่ทัน อย่างคลาสสุดท้ายที่อาจารย์กลัวสอนพวกหนูไม่ทันนั้นอึกเป็นความผิดของอาจารย์หรือเปล่าที่อีกอาทิตย์อาจารย์ไม่มาสอนเองแล้วยังจะมาเร่งนักศึกษาอีกใช่หรอค่ะ
53047819,2230108,เทคโนโลยีสารสนเทศเพื่อการเรียนรู้,2508,2561,2,สอนดีมาก
53047819,2230108,เทคโนโลยีสารสนเทศเพื่อการเรียนรู้,2508,2561,2,ไม่มีการอนุโลมให้นักศึกษา บางครั้งส่งงานช้านิดหน่อย(แต่ไม่ได้ช้าจนน่าเกลียด)ก็หักคะแนน หรือบางครั้งก็ไม่รับส่งงานจากนักศึกษาเลย แต่เข้าสอนและเลิกสอนตรงตามเวลาดีมาก
53047819,2230108,เทคโนโลยีสารสนเทศเพื่อการเรียนรู้,2508,2561,2,อยากให้อาจารย์พูดช้าลงกว่านี้นิดหน่อย
53047819,2230108,เทคโนโลยีสารสนเทศเพื่อการเรียนรู้,2508,2561,2,แอร์ที่ห้องเรียนร้อนทุกสัปดาห์ อยากให้ปรับปรุง
53047819,2230108,เทคโนโลยีสารสนเทศเพื่อการเรียนรู้,2508,2561,2,อาจารย์ควรมีไมค์นะคะ 
53047819,2230108,เทคโนโลยีสารสนเทศเพื่อการเรียนรู้,2508,2561,2,อาจารย์ใจดีคะ ถ้าใครไม่เข้าใจอาจารย์ก็จะอธิบายให้เข้าใจมากขึ้น มีแบบฝึกหัดมากให้ทำเสมอ มีสื่อประกอบการเรียนเสมอ ได้ทำแบบฝึกหัดตามอาจารย์ไปพร้อมกันซึ่งสามารถนำไปใช้ในชีวิตประจำวันได้ด้วยคะ
53047819,2230108,เทคโนโลยีสารสนเทศเพื่อการเรียนรู้,2508,2561,2,แอร์ร้อนมากกก
53047819,2230108,เทคโนโลยีสารสนเทศเพื่อการเรียนรู้,2508,2561,2,อาจารย์สอนบางทีไม่ค่อยเข้าใจคะอาจารย์ชอบพูดไวตามไม่ค่อยทันคะ
53047819,2230108,เทคโนโลยีสารสนเทศเพื่อการเรียนรู้,2508,2562,1,อาจารย์สอนสนุกมากเข้าใจง่าย แต่อยากให้อาจารย์ช้าลงนิดนึงเพราะเป็นวิชาคอม ต้องปฏิบัติตลอด
53047819,2230108,เทคโนโลยีสารสนเทศเพื่อการเรียนรู้,2508,2562,1,อยากให้ลดความเร็วในการสอนและทวนการเรียนอีกครั้ง
53047819,2230108,เทคโนโลยีสารสนเทศเพื่อการเรียนรู้,2508,2563,1,ขอบคุณที่เข้าใจนักศึกษา
53047819,2230108,เทคโนโลยีสารสนเทศเพื่อการเรียนรู้,2508,2563,2,อาจารย์สอนดีเข้าใจง่าย
53054968,2230108,เทคโนโลยีสารสนเทศเพื่อการเรียนรู้,2508,2564,2,อยากให้อาจารย์สอนช้าลงนิดนึง สอนเนื้อหาปฏิบัติให้ง่ายขึ้น ขยายระยะเวลาในการส่งงาน หรือลดจำนวนงานลง
53054968,2230108,เทคโนโลยีสารสนเทศเพื่อการเรียนรู้,2508,2564,2,สอนเร็วไป 
53054968,2230108,เทคโนโลยีสารสนเทศเพื่อการเรียนรู้,2508,2564,2,ขอบคุณครับอาจารย์
53054968,2230108,เทคโนโลยีสารสนเทศเพื่อการเรียนรู้,2508,2565,1,นำไปปรับใช้ได้จริงนอกชั้นเรียน
53054968,2230108,เทคโนโลยีสารสนเทศเพื่อการเรียนรู้,2508,2565,1,อาจารย์ให้คำแนะนำดีมากครับ ชอบที่อาจารย์เข้าใจนักศึกษาอยากให้มีอาจารย์ที่มีความคิดแบบอาจารย์เยอะๆจังครับชอบการสอนของอาจารย์ด้วยครับ
53054968,2230108,เทคโนโลยีสารสนเทศเพื่อการเรียนรู้,2508,2565,1,อาจารย์สอนดีแต่สอนไวไปในบางที
53054968,2230108,เทคโนโลยีสารสนเทศเพื่อการเรียนรู้,2508,2565,1,อยากให้อาจารย์ออกสูตรเกี่ยวกับข้อเขียนลดลงหน่อยค่ะ
53054968,2230108,เทคโนโลยีสารสนเทศเพื่อการเรียนรู้,2508,2565,1,อาจารย์สอนเข้าใจง่าย และยืดหยุ่นกับนักศึกษาถ้าเกิดเหตุนักศึกษาส่วนใหญ่ไม่สามารถออนไซต์ได้ก็ยืดหยุ่นให้ออนไลน์ได้ซึ่งดีมากๆค่ะ 
53054968,2230108,เทคโนโลยีสารสนเทศเพื่อการเรียนรู้,2508,2565,2,อาจารย์สอนเร็วบ้างในบางเนื้อหา ตามไม่ทัน
53054968,2230108,เทคโนโลยีสารสนเทศเพื่อการเรียนรู้,2508,2566,1,อาจารย์สอนดีมากค่ะ
53054968,2230108,เทคโนโลยีสารสนเทศเพื่อการเรียนรู้,2508,2566,1,ใช้คำพูดไม่เหมาะสม สอนรู้เรื่องบางไม่รู้เรื่องบาง การที่ให้เรียนออนไลน์เสาร์อาทิตย์ซึ่งบางคนไม่มีเวลาเพราะต้องทำงานเสริมลาไม่ได้ ให้สอบ2ทุ่ม?วันเสาร์อาทิตย์ บางคนเขาทำงานแล้งไม่มีมีเวลาทำ แทนที่จะให้ทำในคลาสเรียน สั่งงานไม่นึกถึงนักศึกษา เพราะงานที่เขาสั่งต้องใช้คอมหรือไอแพตซึ่งบางคนไม่มีเลยไม่ได้ทำส่งเลยเสียคะแนนไปเปล่าๆ การใช้โทรศัพท์มันไม่สะดวกขนาดนั้น ให้คะแนนยากก็ยาก ควรปรับปรุงมากๆค่ะ 
53054968,2230108,เทคโนโลยีสารสนเทศเพื่อการเรียนรู้,2508,2566,2,อาจารย์ใจดีมากค่ะๆสอนดีมากเข้าใจ
53054968,2230108,เทคโนโลยีสารสนเทศเพื่อการเรียนรู้,2508,2566,2,อาจารย์ใจดี
53049043,2231310,คอมพิวเตอร์กราฟิก,2509,2566,1,อยากให้อาจารย์นำเสนอการสอนที่สามารถเข้าใจง่ายและนำไปใช้ในชีวิตจริงได้มากกว่านี้ ให้นักศึกษารู้ว่าสามารถเอาไปใช้กับงานในอนาคตได้ยังไง เละเกี่ยวข้องกับงานของเรายังไงอยากให้อาจารย์เตรียมการสอนที่พร้อมกว่านี้ค่ะ
53055483,2231310,คอมพิวเตอร์กราฟิก,2509,2566,2,อาจารย์น่ารักมากๆสอนเข้าใจง่ายมีงานกลุ่มให้ทำกับเพื่อนตลอด
53055483,2231310,คอมพิวเตอร์กราฟิก,2509,2566,2,ขอบคุณที่คอยให้คำแนะนำในหลายๆเรื่องครับ
53055531,2233324,ระเบียบวิธีวิจัยทางเทคโนโลยีดิจิทัล,2509,2566,2,ส่งงานย้อนหลังไม่ได้ค่ะ
53055560,2243206,การปฏิสัมพันธ์ระหว่างมนุษย์กับคอมพิวเตอร์,2509,2566,1,อ.มีการสอนแบบรวบรัดเนื้อหาเข้าใจได้ง่ายโดยภาพรวมถือเป็นที่น่าประทับใจ
53055560,2243206,การปฏิสัมพันธ์ระหว่างมนุษย์กับคอมพิวเตอร์,2509,2566,1,อาจารย์ทำการสอนดีเข้าใจง่ายแต่เนื้อหาอาจมีเยอะยากที่จะสรุปไปบ้าง แต่ก็ถูกแทนด้วยความใจดีและให้โอกาสนักศึกษาได้ลองผิดถูกก่อนการวัดปลจริงมีแบบทดสอบต่างๆที่พัฒนาการช่วยจำได้ดีและยังน่าสนใจคับ
53055560,2243206,การปฏิสัมพันธ์ระหว่างมนุษย์กับคอมพิวเตอร์,2509,2566,1,เป็นอาจารย์ที่ดีมากครับ  ไม่กดดัน เด็กเลย
53032504,2233303,การวิเคราะห์และออกแบบระบบ,2510,2561,1,ขอบคุณที่ให้ความช่วยเหลือตลอด
53032518,2233411,โครงงานทางวิทยาการคอมพิวเตอร์ 2,2510,2562,2,อาจารย์คอยช่วยเหลือและให้คำแนะนำดีมากครับ
53049861,2241215,การเขียนโปรแกรมบนเว็บ,2510,2565,1,อาจารย์สอนเก่งมาก ๆ ให้ความช่วยเหลือดี
53048230,2231102,หลักการเขียนโปรแกรมคอมพิวเตอร์,2510,2562,1,สอนดีแล้วครับ
53047821,2230110,เครือข่ายอินเทอร์เน็ต,2510,2563,1,สอนทีเหมือนอาจารย์กำลังแร็ปเหมือนไม่ได้มาเรียนเหมือนมาดูเดอะแร็ปเปอร์แต่อาจารย์ก้สอนดีค่ะอาจารย์ให้โอกาสเสมอ
53047821,2230110,เครือข่ายอินเทอร์เน็ต,2510,2563,2,ดีมากครับ
53049041,2231205,การเขียนโปรแกรมเชิงวัตถุ,2510,2561,1,ขอบคุณที่ให้ความช่วยเหลือตลอด
53049041,2231205,การเขียนโปรแกรมเชิงวัตถุ,2510,2561,1,ปานกลาง
53049041,2231205,การเขียนโปรแกรมเชิงวัตถุ,2510,2562,1,อาจารย์สอนดีครับ
53049041,2231205,การเขียนโปรแกรมเชิงวัตถุ,2510,2562,1,อาจารย์สอนดีมากๆเลยค่ะ พอไม่เข้าใจก็จะย้ำจนกว่าจะจำได้
53049041,2231205,การเขียนโปรแกรมเชิงวัตถุ,2510,2563,1,ดีมากครับ
53049041,2231205,การเขียนโปรแกรมเชิงวัตถุ,2510,2564,1,เมตตาหนูหน่อยนะคะ
53049041,2231205,การเขียนโปรแกรมเชิงวัตถุ,2510,2564,1,ไม่ควรใช้การสุ่ม นักศึกษาจหัวใจวายเอาครับ
53049041,2231205,การเขียนโปรแกรมเชิงวัตถุ,2510,2564,1,ดีมากชอบมากประทับใจในอาจารย์ผูเสอน
53049041,2231205,การเขียนโปรแกรมเชิงวัตถุ,2510,2564,1,ดีดีดีดี
53049041,2231205,การเขียนโปรแกรมเชิงวัตถุ,2510,2564,1,แรกๆงง หลังๆตื่นเต้่นครับ
53049056,2231413,การศึกษาเฉพาะเรื่องทางการพัฒนาโปรแกรมคอมพิวเตอร์,2510,2562,1,สนุกมากครับวิชานี้
53049058,2233322,การวิเคราะห์และออกแบบเชิงวัตถุ,2510,2561,2,สอนเข้าใจค่ะ เรียนสนุกดี อยากเรียนกับอาจารย์ทุกเทอม  เทอมหน้าไม่มีเรียนกับอาจารย์แล้ว งื้อๆ TT
53049058,2233322,การวิเคราะห์และออกแบบเชิงวัตถุ,2510,2563,2,ดีมากครับ
53048231,2231101,วิทยาการคอมพิวเตอร์และเทคโนโลยีสารสนเทศเบื้องต้น,2510,2561,1,ขอบคุณครับ
53048231,2231101,วิทยาการคอมพิวเตอร์และเทคโนโลยีสารสนเทศเบื้องต้น,2510,2561,1,อธิบายเนื้อหาเข้าใจง่ายมากค่ะ 
53048231,2231101,วิทยาการคอมพิวเตอร์และเทคโนโลยีสารสนเทศเบื้องต้น,2510,2561,1,อาจารย์สอนเก่งมากค้าบบบ นศ เลย อยากตั้งใจเรียนไปด้วย
53049063,2242306,ไมโครคอนโทรลเลอร์,2510,2563,2,ดีมากครับ
53054970,2230110,อินเทอร์เน็ตในชีวิตประจำวัน,2510,2564,2,สอนเข้าเเละค่อยเป็นค่อยไป
53054970,2230110,อินเทอร์เน็ตในชีวิตประจำวัน,2510,2564,2,ดีย์
53054970,2230110,อินเทอร์เน็ตในชีวิตประจำวัน,2510,2566,1,"อาจารย์น่ารักมากๆค่า เป็นกันเองสุดๆมีอะไรไม่เข้าใจหรือทำไม่ได้ก็แค่ถาม อาจารย์ก็จะมาในทันใดจะไปยืนเคียงข้างเธอ เป็นคาบเรียนที่หนูเอ็นจอยมากๆค่า
"
53054970,2230110,อินเทอร์เน็ตในชีวิตประจำวัน,2510,2566,1,ดีคับ
53054970,2230110,อินเทอร์เน็ตในชีวิตประจำวัน,2510,2566,1,ขอบคุณ
53055482,2231205,การเขียนโปรแกรมเชิงวัตถุ,2510,2565,1,อยากให้อาจารย์เเก้ไขในส่วนของการสอนเเละการอธิบาย เพราะ การสอนที่ผ่านมานั้นไม่ค่อยจะดีสักนักไม่ค่อยมีการสอนเเบบปฎิบัติให้นักศึกษาได้ทำความเข้าใจกับวิชาเเต่ในด้านของทฤษฎีดูโอเคเเล้วไม่มีปัญหาเเต่การอธิบายดูที่จะไม่ค่อยครอบคลุมมากนัก อยากให้อาจารย์ปรับปรุงในส่วนนี้ด้วย ขอบคุณครับ
53055482,2231205,การเขียนโปรแกรมเชิงวัตถุ,2510,2565,1,ชอบการสอนของอาจารย์มากค่ะ มีให้ตอบคำถามทำให้เข้าใจได้ง่ายมากขึ้นและสนุกขึ้นค่ะ
53055482,2231205,การเขียนโปรแกรมเชิงวัตถุ,2510,2565,1,ตรรกะการสอนของอาจารย์ และ วิธีการสอนของอาจารย์ค่อนข้างดีเลย แต่หนูขอฝากบางอย่างไว้นิดนึงในบางทีการที่เด็กเรียนกับอ.คนนั้นคนนี้มาแล้วก็ไม่ได้ความว่าเด็กจะเข้าใจที่อ.คนนั้นนี่สอน เหมือนกับวิชาเอง บางทีหนูอยากให้อาจารย์ลองมองภาพรวมของเด็กบ้างว่า1ใน10มีคนทำวิชาอาจารย์ได้ดีมากแค่ไหนแล้วอยากให้อาจารย์ลองมองย้อนกลับมาดูการสอนของตัวเองสักนิดว่าถ้าเด็ก30กว่าคนมีเข้าใจอยู่10กว่า แบ้ว20กว่าคนที่ไม่เข้าใจอาจารย์จะปบ่อยไปเลยหรือ ที่เหงืออีก20คนมันต้องทีสัก10คนที่พยายามตั้งใจ แต่ก็ไม่เข้าใจอยู่ดี หนูอยากให้อาจารย์ลองปรับเปลี่ยนหรือหาวิธีการสอนเพื่อให้เด็กจำแค่สอบผ่าน แต่ว่าให้เด็ก จำสอบผ่านแบะเข้าใจจริงๆ หนูไม่รู้การประเมินตรงนี้อาจารย์จะได้อ่านมั้ยหรือมีผลต่อคะแนนหรือเปล่า แต่คือความคิดเห็นส่วนตัวหนูค่ะ
53055482,2231205,การเขียนโปรแกรมเชิงวัตถุ,2510,2565,1,การสอนดีมากครับเช็กนศ.ได้ดีเลยว่ารู้เรื่องที่เรียนจริงไหม
53055482,2231205,การเขียนโปรแกรมเชิงวัตถุ,2510,2566,1,ไม่ชอบเรียนระบบถามตอบได้คะแนน มันกดดันเกินไป
53055482,2231205,การเขียนโปรแกรมเชิงวัตถุ,2510,2566,1,ขอช่วยลดความตึงเครียดในการสอนและการให้คะแนนนักศึกษาหน่อยครับเพราะบางนักศึกษาก็ไม่สามารถตอบคำถามแล้วได้คะแนนครับควรมีคะแนนที่ช่วยนักศึกษาหน่อยครับเช่นการทำการบ้านหรืออื่นๆก็ตามครับ
53055482,2231205,การเขียนโปรแกรมเชิงวัตถุ,2510,2566,1,"ผมชอบที่น.ศ.สามารถเลือกการเก็บคะเเนนได้ เเต่อยากให้เพิ่มตัวเลือกสำหรับคะแนนถามตอบที่นอกเหนือจากการสอบ เพราะการถามตอบอาจทำให้น.ศ.บางส่วนรู้สึกเครียดเเละกดดันซึ่งส่งผลต่อการเรียนรู้ โดยส่วนตัวผมมองว่าอาจารย์สอนได้ดีเเละมีการออกเเบบ รูปเเบบการเก็บคะเเนนที่ดีครับ
 ขอบคุณครับ"
53055529,2233322,การวิเคราะห์และออกแบบเชิงวัตถุ,2510,2565,2,สอนไม่เข้าใจ
53055529,2233322,การวิเคราะห์และออกแบบเชิงวัตถุ,2510,2565,2,ออกข้อสอบยากไปครับ
53055529,2233322,การวิเคราะห์และออกแบบเชิงวัตถุ,2510,2566,2,ขอบคุณที่สอนวิชาโหดขนาดนี้ ผ่านร้อนผ่านหนาวมาได้ด้วยประสบการณ์ทะเลาะกันในกลุ่มจนเกือบแตกหัก555 แต่รวมสนุกมากคับเป็นวิชาที่ทำให้ตัวเองรู้สึกมีประโยชน์กับเพื่อนๆและเก่งนะเนี่ยเรา
53055529,2233322,การวิเคราะห์และออกแบบเชิงวัตถุ,2510,2566,2,ขอบคุณที่สอนวิชาโหดขนาดนี้ ผ่านร้อนผ่านหนาวมาได้ด้วยประสบการณ์ทะเลาะกันในกลุ่มจนเกือบแตกหัก555 แต่รวมสนุกมากคับเป็นวิชาที่ทำให้ตัวเองรู้สึกมีประโยชน์กับเพื่อนๆและเก่งนะเนี่ยเรา
53044304,2234404,โครงงานทางเทคโนโลยีสารสนเทศ 2,2512,2562,2,อาจารย์สอนดีมากค่ะ
53049867,2243414,โครงงานทางเทคโนโลยีสารสนเทศ 2,2512,2565,1,ดีคับ
53047820,2230109,การออกแบบสื่อมัลติมีเดีย,2512,2561,1,สนุกมากครับ
53047820,2230109,การออกแบบสื่อมัลติมีเดีย,2512,2561,1,ช่วยสอนให้ช้าลงหน่อยค่ะ ตามไม่ทัน
53047820,2230109,การออกแบบสื่อมัลติมีเดีย,2512,2561,1,สอนค่อนข้างเร็ว ตามไม่ทัน
53047820,2230109,การออกแบบสื่อมัลติมีเดีย,2512,2561,1, สอนเร็วมาก ตามไม่ทัน
53047820,2230109,การออกแบบสื่อมัลติมีเดีย,2512,2561,1,คอมค้างบ่อย ช่วยปรับปรุงและพัฒนาให้คอมพิวเตอร์ดีขึ้นหน่อยครับ
53047820,2230109,การออกแบบสื่อมัลติมีเดีย,2512,2561,2,สอนเข้าใจง่าย
53047820,2230109,การออกแบบสื่อมัลติมีเดีย,2512,2561,2,ควรเปิดโอกาสให้นักศึกษาใช้เทคนิคในการสอนได้หลายรูปแบบ ไม่ควรมีเทคนิคตายตัวในสถานที่ทำงานจริง ลำบาก
53047820,2230109,การออกแบบสื่อมัลติมีเดีย,2512,2562,1,ทำให้เข้าใจขั้นตอนการพัฒนาสื่อมัลติมีเดียมากขึ้น ลึกขึ้น
53047820,2230109,การออกแบบสื่อมัลติมีเดีย,2512,2562,1,เข้าใจระบบการทำงานของมัลติมีเดีย ในโปรแกรมต่างๆมากขึ้นครับ
53047820,2230109,การออกแบบสื่อมัลติมีเดีย,2512,2562,1,คอมช้าไปหน่อยครับ ตอนทำโมเดล 3D ค้างบ่อยมาก
53047820,2230109,การออกแบบสื่อมัลติมีเดีย,2512,2562,1,คอม Ram น้อยไม่พอกับโปรแกรม อาจารย์สอนเร็วมากกกกกกกๆๆๆๆๆๆๆๆๆๆๆๆๆๆๆๆๆ ตามไม่ทัน
53047820,2230109,การออกแบบสื่อมัลติมีเดีย,2512,2562,2,อาจารย์สอนไว พูดไว ไปไวเกินไป ควรที่จะอธิบายช้าลงและทำตามพร้อม ๆ กัน
53047820,2230109,การออกแบบสื่อมัลติมีเดีย,2512,2562,2,เครื่อง PC ไม่พร้อมต่อการเรียนการสอน ช้า ค้าง 
53047820,2230109,การออกแบบสื่อมัลติมีเดีย,2512,2562,2,ปานกลาง
53047820,2230109,การออกแบบสื่อมัลติมีเดีย,2512,2563,1,อาจารย์ค่อนข้างสอนไว ตามไม่ทัน แต่ยังพอทำได้บ้างค่ะ
53047820,2230109,การออกแบบสื่อมัลติมีเดีย,2512,2563,1,ดีมากครับ
53047820,2230109,การออกแบบสื่อมัลติมีเดีย,2512,2563,1,คอมแย่มากครับเรียนตามไม่ทันค้างตลอด
53047820,2230109,การออกแบบสื่อมัลติมีเดีย,2512,2563,1,สอนเร็วมาก  คอมก็ช้ามาก
53047820,2230109,การออกแบบสื่อมัลติมีเดีย,2512,2563,1,ห้องคอมพิวเตอร์ช้าและค้างบ่อย
53047820,2230109,การออกแบบสื่อมัลติมีเดีย,2512,2563,1,อยากให้เข้าถึงกับศึกษาทุกคน สามารถปรึกษาได้ตลอดเวลา 
53047820,2230109,การออกแบบสื่อมัลติมีเดีย,2512,2563,1,อาจารย์สอนช้าๆบ้างนะครับ
53049044,2232203,การจัดระเบียบคอมพิวเตอร์และสถาปัตยกรรม,2512,2560,2,อาจารย์สอนดีมากค่ะ
53049044,2232203,การจัดระเบียบคอมพิวเตอร์และสถาปัตยกรรม,2512,2560,2,ปานกลาง
53049044,2232203,การจัดระเบียบคอมพิวเตอร์และสถาปัตยกรรม,2512,2561,2,สอนตรงดีครับ
53049044,2232203,การจัดระเบียบคอมพิวเตอร์และสถาปัตยกรรม,2512,2561,2,เร็วไปนิดนะครับ ผมตามไม่ทัน 555
53049044,2232203,การจัดระเบียบคอมพิวเตอร์และสถาปัตยกรรม,2512,2561,2,อาจารย์เป็นคนที่มีสกิลในการเขียนเทพมากคร้า 
53049044,2232203,การจัดระเบียบคอมพิวเตอร์และสถาปัตยกรรม,2512,2561,2,อาจาร์ยสอนดีมาก แต่สอนเร็วไปหน่อย แต่ไปถามนอกรอบอาจาร์ยก็อธิบายได้เข้าใจ
53049044,2232203,การจัดระเบียบคอมพิวเตอร์และสถาปัตยกรรม,2512,2562,1,อาจารย์สอนเร็วไปจนตามไม่ค่อยทันครับ
53049044,2232203,การจัดระเบียบคอมพิวเตอร์และสถาปัตยกรรม,2512,2562,1,"อาจารย์สอนไปไวมากตามไม่ทันเลยครับ
อยากให้อาจารย์สอนช้าลง
เพราะบ้างคนยังไม่เคยเรียนมาแล้วทำให้ตามไม่ทันบวกกับอาจารย์สอนไวอีกจบเลย"
53049044,2232203,การจัดระเบียบคอมพิวเตอร์และสถาปัตยกรรม,2512,2562,1,ช่วยอธิบายเนื้อหาอย่างละเอียดให้เเก่นักศึกษารู้ถึงที่มาเกี่ยวกับเนื้อหานั้นๆ
53049044,2232203,การจัดระเบียบคอมพิวเตอร์และสถาปัตยกรรม,2512,2562,1,อาจารย์สอนดีมากครับบ คอยถามเสมอว่ามีใครไม่เข้าใจตรงไหนบ้างแล้วอาจารย์จะทบทวนให้
53049044,2232203,การจัดระเบียบคอมพิวเตอร์และสถาปัตยกรรม,2512,2562,1,อาจารย์สอนไวมากเลยคะ
53049044,2232203,การจัดระเบียบคอมพิวเตอร์และสถาปัตยกรรม,2512,2562,1,อาจารย์สอนเร็วไปนะครับอยากให้ช้าลงหน่อยเด็กๆตามไม่ค่อยทันครับ
53049044,2232203,การจัดระเบียบคอมพิวเตอร์และสถาปัตยกรรม,2512,2562,1,อาจารย์สอนเร็วตามไม่ทัน อยากให้อาจารย์สอนช้าลงหน่อยครับ
53049044,2232203,การจัดระเบียบคอมพิวเตอร์และสถาปัตยกรรม,2512,2562,1,"อาจารย์สอนไปไวมากตามไม่ทันเลยครับ
อยากให้อาจารย์สอนช้าลง
เพราะบ้างคนยังไม่เคยเรียนมาแล้วทำให้ตามไม่ทันบวกกับอาจารย์สอนไวอีกจบเลย"
53049044,2232203,การจัดระเบียบคอมพิวเตอร์และสถาปัตยกรรม,2512,2562,1,อ่านลายมืออาจารย์ไม่ค่อยออกครับ
53049044,2232203,การจัดระเบียบคอมพิวเตอร์และสถาปัตยกรรม,2512,2562,1,สอนช้าๆ เขียนตัวใหญ่ๆ หลังห้องมองไม่ค่อยเห็นครับ
53049044,2232203,การจัดระเบียบคอมพิวเตอร์และสถาปัตยกรรม,2512,2562,1,สอนเร็วเกินไปนศ.บางคนไม่มีพื้นฐานจึกทำความเขาใจได้ยาก
53049044,2232203,การจัดระเบียบคอมพิวเตอร์และสถาปัตยกรรม,2512,2562,1,โปรเจคเตอร์ภาพไม่ชัดเลยครับ เเอร์ร้อนมากๆ  
53049044,2232203,การจัดระเบียบคอมพิวเตอร์และสถาปัตยกรรม,2512,2563,2,อยากให้สอนช้ากว่านี้หน่อยครับเหมือนฟังแรปเลยครับตอนเรียน
53049044,2232203,การจัดระเบียบคอมพิวเตอร์และสถาปัตยกรรม,2512,2563,2,อาจารย์สอนดี แต่ผมอยากให้ปรับปรุงลายมือสักนิด. ผมมึนไปหมดแล้ว
53054969,2230109,การออกแบบสื่อมัลติมีเดีย,2512,2564,1,อาจารย์สอนเร็วเกินไป
53054969,2230109,การออกแบบสื่อมัลติมีเดีย,2512,2564,1,งานเยอะ
53054969,2230109,การออกแบบสื่อมัลติมีเดีย,2512,2564,1,งานเยอะไปหน่อยค่ะ55555555
53054969,2230109,การออกแบบสื่อมัลติมีเดีย,2512,2564,1,เรียนสนุกมากครับอาจารย์อารมณ์ดีเป็นมิตรกัยนักศึกษาครับ
53054969,2230109,การออกแบบสื่อมัลติมีเดีย,2512,2564,1,อย่าพยายามพูดนอกเหนือการสอนเยอะนะครับ นศ.บางคนเค้าไม่ได้อยากรับรู้นะครับจารย์ กราบเรียนมาเพื่อแนะนำ ไม่ได้ว่าหรือถือโกรธ ถือว่าผมแนะนำ
53054969,2230109,การออกแบบสื่อมัลติมีเดีย,2512,2564,1,สอนเข้าใจดี แต่สอนเร็วไป นักศึกษาบางคนตามไม่ทัน งานเยอะมาก ควรให้พักบ้างระหว่างเรียน
53054969,2230109,การออกแบบสื่อมัลติมีเดีย,2512,2564,1,สบายใจในกาารเรียนมากครับ
53054969,2230109,การออกแบบสื่อมัลติมีเดีย,2512,2564,2,"ให้งานเยอะ แต่ให้เวลาทำน้อย บางทีคนที่เรียนไม่มีอุปกรณ์ หรืออุปกรณ์ไม่พร้อมในการทำงาน ไม่มีการเปลี่ยนงานให้กับคนที่เรียน หรือไม่ค่อยฟังความคิดเห็นนักศึกษาเท่าที่ควร
"
53054969,2230109,การออกแบบสื่อมัลติมีเดีย,2512,2564,2,อาจารย์ควรมีแบบแผนในการสินมากกว่านี้ เช่นเตรียมการสอนมาว่าวันนี้จะสอนอะไร งานกี่ชิ้นไม่ใช่คิดเอาหน้างานแบบอยากจะสั่งก็สั่งเลย อาจารย์สั่งงานบางคาบ10ชิ้นต่อคาบ ส่งภายใน 5โมงเย็น บางที นศ ทำไม่ทัน และนักศึกษาแต่ละคนอุปกรณ์ไม่ได้ครบทุดคนบางคนเรียนจบคลาสก่อนถีงจะวิ่งไปยืมเครื่องเพื่อนทำได้ในวันต่อไป พอไปทำวันต่อไปมันก็ขึ้นส่งช้า คะอนนก็ลดลงทั้งที นศก็มีความกะตือรือร้นอยาดจะทำส่งเพียงแค่ขอเวลา อาจารย์ควรให้เวลางานละสัปดาห์ชนสัปห์ดา แบบว่า3ชิ้นนี้ส่งได้ถึงวีคหน้า หมดวีคหน้าประมาณนี้ แต่ความรู้ที่อาตารย์ให้ในหลายๆโแรแกรมก็คือมาก ไม่เถียงเลยอาจารย์สอนเีแต่การสั่งงานต้อฃปรับลเให้น้อยลงไปบ้าง
53054969,2230109,การออกแบบสื่อมัลติมีเดีย,2512,2564,2,อยากให้อาจารย์เตียมความพร้อมในการเตรียมการเรียนการสอน พวกเเอปพลิดคชั่นต่างๆ รวมๆสอนดีเป็นกันเองกับเด็ก
53054969,2230109,การออกแบบสื่อมัลติมีเดีย,2512,2564,2,"อยากให้อาจารย์ปรับการให้การบ้านนักศึกษาเพราะบาวคนอาจไม่มีคอมไม่มีโปรแกรมบางคนทำงานหาค่าเทอมเองอยสกให้เข้าใจและสั่งงานน้อยบงหน่อยค่ะ
"
53054969,2230109,การออกแบบสื่อมัลติมีเดีย,2512,2564,2,ด้วยรูปแบบการเรียนการสอนออนไลน์ บางส่วนนักศึกษาไม่มีความพร้อมหรือความสามารถในการทำงานเช่นเรื่องทุนศัพท์ในการซื้อโปรแกรมหรืออุปกรณ์การเรียน อยากให้อาจารย์ปรับเนื้อหาการสอนให้เหมาะสมกับตัวนักศึกษาด้วยค่ะ
53054969,2230109,การออกแบบสื่อมัลติมีเดีย,2512,2564,2,ตรงๆเลยนะคะ จริงๆแล้วอาจารย์ควรจะปรับปรุงการสอนให้สอดคล้องกับสถานการณ์แล้วไม่ใช่เด็กทุกคนเรียนคอมแล้วต้องมีแอปนู้นแอปนี้นะคะ หนูเสียเงิน1000กว่าบอกเพื่อซื้อแอปมาทำงานและหนูใช้ครั้งเดียวแล้วไม่เกี่ยวกับสายงานหนูด้วยค่ะ อยากให้อาจารย์เอาตรงนี้ไปปรับปรุงตรวจสอบนักศึกษาให้เข้าใจ การเรียนแบบนี้ควรเรียนที่มหาลัยค่ะ การหาแอปการเรียนการสอนไม่ใช้เรื่องของนักศึกษาที่ต้องรับผิดชอบแต่เป็นเป็นมหาลัยที่ต้องจัดการและตัวอาจารย์เอง ขอบคุณค่ะ
53054969,2230109,การออกแบบสื่อมัลติมีเดีย,2512,2566,1,อาจารย์อย่าขี่จรวจสอนอีกเลยนะคะ สงสารรุ่นถัดไป ถือว่านศ.ขอร้อง
53054969,2230109,การออกแบบสื่อมัลติมีเดีย,2512,2566,1,อาจารย์สอนอะไรเยอะแยะเลย ปรับใช้ได้จริง
53054969,2230109,การออกแบบสื่อมัลติมีเดีย,2512,2566,1,สอนดีมากครับ แต่อยากให้ปรับเนื้อหาให้เข้าใจครับแต่โดยดีมากๆครับ
53054969,2230109,การออกแบบสื่อมัลติมีเดีย,2512,2566,2,อาจารย์พูดเร็วไปหน่อย
53054969,2230109,การออกแบบสื่อมัลติมีเดีย,2512,2566,2," อาจารย์ต้องขอ License Adobe มาให้ได้นะจารย์
 เนื้อหาที่ผมคาดหวังจริงๆ คือ Photoshop Premier Pro นะเอาจริงๆ 5555+ ตั้งแต่งาน 3D ไปเริ่มไม่ค่อยสนุกละครับ 
 Photopea อยากให้เพิ่มเนื้อหาสอนทำ Timeline ทำอนิเมชั่นใน Photopea แล้วก็อยากให้เน้นไปที่ตัดรูปเอาสักสองคาบนั่งฝึกใช้ Tools ตัดรูปแล้วจบท้ายด้วยทำโปสเตอร์หนังก็ได้ครับ น่าสนุกดีครับ ผมเคยเรียนที่โรงเรียนสนุกมากเลย
 เพิ่มเนื้อหาการลบริ้วรอยบนหน้าด้วย clone stamp อันนี้ทีเด็ดท้าทายมาก สนุกมากด้วย"
53054969,2230109,การออกแบบสื่อมัลติมีเดีย,2512,2566,2,อาจารย์สอนดี ใจดีมากค่ะ สามารถถามได้ตลอด แต่แอบบไปเร็วมาก
53054970,2230110,อินเทอร์เน็ตในชีวิตประจำวัน,2512,2565,1,ไม่เคยเรียนกับคนนี้ครับ พอใช้ทั้งหมดละกัน ถือว่าไม่รู้อะไรเลย ไม่มาสอนไม่เคยเรีบนด้วย
53054970,2230110,อินเทอร์เน็ตในชีวิตประจำวัน,2512,2565,1,จารหล่อมากครับ
53055427,2237105,ความน่าจะเป็นสำหรับวิทยาการคอมพิวเตอร์,2512,2564,2,"ตอนให้ทำแบบฝึกระหว่างเรียนอยากให้อ.ไม่ต้องพูด พูดมากแล้วนักศึกษาเสียสมาธิอย่างมาก
อ.อาจจะฝึกเรื่องการสื่อสารให้เข้าใจอีกหน่อย เพราะตอนนำเสนอค่อนๆข้างงง"
53055427,2237105,ความน่าจะเป็นสำหรับวิทยาการคอมพิวเตอร์,2512,2564,2,อ.ควรปิดไมค์ในขณะที่ให้ผู้เรียนทำแบบทดสอบต่างๆ 
53055427,2237105,ความน่าจะเป็นสำหรับวิทยาการคอมพิวเตอร์,2512,2564,2,อาจารย์ควรปิดไมค์ตอนทำแบบทดสอบ เพราะจะรบกวนสมาธิผู้เรียน 
53055427,2237105,ความน่าจะเป็นสำหรับวิทยาการคอมพิวเตอร์,2512,2564,2,สอนสนุกมาก
53055427,2237105,ความน่าจะเป็นสำหรับวิทยาการคอมพิวเตอร์,2512,2564,2,ควรปรับปรุงเรื่องการสอน
53055427,2237105,ความน่าจะเป็นสำหรับวิทยาการคอมพิวเตอร์,2512,2565,2,ดีครับ
53055427,2237105,ความน่าจะเป็นสำหรับวิทยาการคอมพิวเตอร์,2512,2565,2,อาจารย์อาจารย์น่ารักครับน่ารักครับและสอนเป็นกันเองมาก
53055427,2237105,ความน่าจะเป็นสำหรับวิทยาการคอมพิวเตอร์,2512,2565,2,อยากให้อาจารย์เข้าถึงนศ.กว่านี้ครับ สอนช้าลงหน่อยครับ
53055521,2232205,สถาปัตยกรรมและองค์ประกอบคอมพิวเตอร์,2512,2565,1,อาจารย์สอนเข้าใจง่ายดีค่ะ แต่บางทีก็ดูลายมืออาจารย์ไม่ออก5555
53055521,2232205,สถาปัตยกรรมและองค์ประกอบคอมพิวเตอร์,2512,2565,1,อาจารย์สอนเร็วมากค่ะ ไม่ค่อยเข้าใจต้องไปศึกษาหาความรู้ต่อด้วยตัวเอง
53055521,2232205,สถาปัตยกรรมและองค์ประกอบคอมพิวเตอร์,2512,2565,1,แนะนำให้ทำการสื่อสารให้นิสิตเข้าใจในเนื้อหามากกว่านี้ เช่น การพูดที่ไม่ยาวมากแต่กระชับชัดเจน
53055521,2232205,สถาปัตยกรรมและองค์ประกอบคอมพิวเตอร์,2512,2566,1,"เนื้อหาในช่วงของกลางภาคค่อนข้างที่จะกว้างน่าสนใจเป็นอย่างมากแต่เนื้อหาปลายภาคเฉพาะเจาะจงเรื่องมากเกินไป
แต่ตัววิชาเองสามารถศึกษาได้กว้างกว่านั้นมากการสอนแบบเฉพาะเจาะจงเรื่องจึงทำให้เนื้อหามีความน่าเบื่อและซ้ำจำเจ"
53055521,2232205,สถาปัตยกรรมและองค์ประกอบคอมพิวเตอร์,2512,2566,1,เตรียมสื่อการสอนไว้ด้วย
53055521,2232205,สถาปัตยกรรมและองค์ประกอบคอมพิวเตอร์,2512,2566,2,อยากให้อาจารยลดควมเร็วในการสอนลงนิดนึงค่ะ เพราะอย่างบางทีอาจารย์เข้าห้องมาแล้วไม่เกริ่นอะไรแล้วเริ่มสอนเลยนักศึกษาตามอาจารย์ไม่ทันค่ะ จดไม่ทันด้วยค่ะ อยากให้ช่วยเน้นส่วนเนื้อหาที่สำคัญๆด้วยค่ะ อยากในอาจารย์บอกแนวข้อสอบให้ละเอียดมากกว่านี้ค่ะ เพราะ สำหรับนึกศึกษาแนวของอาจารย์ค่อนข้างกว้าง 
53055521,2232205,สถาปัตยกรรมและองค์ประกอบคอมพิวเตอร์,2512,2566,2,มีบางจุดที่อาจารย์สอนไปเร็วมากๆ ตามเนื้อหาไม่ค่อยทัน
53055521,2232205,สถาปัตยกรรมและองค์ประกอบคอมพิวเตอร์,2512,2566,2,สอนเร็ว 
53055521,2232205,สถาปัตยกรรมและองค์ประกอบคอมพิวเตอร์,2512,2566,2,อยากให้แก้ไขเรื่องลายมือ กับ สอนช้าๆลงหน่อยนักเรียนตามไม่ทัน
53055521,2232205,สถาปัตยกรรมและองค์ประกอบคอมพิวเตอร์,2512,2566,2,"อาจารย์สอนดีนะครับ แต่บางทีอาจารย์สอนไวไปจนทำให้คนที่เข้าใจช้า
ก็ไม่เข้าใจเลย แล้ววบางทีผมก็อ่านลายมืออาจารย์ไม่ออกครับ 
อยากให้อาจารย์สอนช้าๆเน้นๆเพราะคนที่ไม่เข้าใจค่อนข้างจะเยอะ"
53032504,2233303,การวิเคราะห์และออกแบบระบบ,2514,2561,1,ขอบคุณที่ให้ความช่วยเหลือตลอด
53044304,2234404,โครงงานทางเทคโนโลยีสารสนเทศ 2,2514,2562,2,อาจารย์สอนดีมากค่ะ
53049863,2243212,ระบบจัดการฐานข้อมูล,2514,2563,2,ดีมากครับ
53049867,2243414,โครงงานทางเทคโนโลยีสารสนเทศ 2,2514,2565,1,ดีคับ
53048230,2231102,หลักการเขียนโปรแกรมคอมพิวเตอร์,2514,2563,1,อาจารย์สอนเข้าใจ. และช่วยเหลือนักศึกษาได้ดีเยี่ยม
53048230,2231102,หลักการเขียนโปรแกรมคอมพิวเตอร์,2514,2563,1,Koop
53048230,2231102,หลักการเขียนโปรแกรมคอมพิวเตอร์,2514,2563,1,อาจารย์ใจดีค่ะ
53048230,2231102,หลักการเขียนโปรแกรมคอมพิวเตอร์,2514,2563,1,เรียนสนุกมากครับ
53047821,2230110,เครือข่ายอินเทอร์เน็ต,2514,2561,1,อาจารย์ สอนดีครับ
53047821,2230110,เครือข่ายอินเทอร์เน็ต,2514,2562,1,อาจารย์สอบสิ่งใหม่ๆให้ด้วยคะเช่น google formeมีประโยชน์
53047821,2230110,เครือข่ายอินเทอร์เน็ต,2514,2562,2,อาจารย์สอนเข้าใจง่าย
53047821,2230110,เครือข่ายอินเทอร์เน็ต,2514,2563,1,อาจารย์แร็ปสอนค่ะไม่รู้ว่ารีบไปไหนแต่ว่าไม่ทันอาจารย์ก็จะทวนแต่ก็ไม่ทันอยู่ดีมาเรียนเหมือนมานั่งดูเดอะแร็ปเปอร์แต่อาจารย์ให้โอกาสที่ดีค่ะส่งงานช้าก็ให้คะแนนเหมือนเดิม
53047821,2230110,เครือข่ายอินเทอร์เน็ต,2514,2563,1,เรียนสนุกครับ
53047821,2230110,เครือข่ายอินเทอร์เน็ต,2514,2563,2,ดีมากครับ
53047821,2230110,เครือข่ายอินเทอร์เน็ต,2514,2563,2,ดี
53049041,2231205,การเขียนโปรแกรมเชิงวัตถุ,2514,2561,1,ขอบคุณที่ให้ความช่วยเหลือตลอด
53049041,2231205,การเขียนโปรแกรมเชิงวัตถุ,2514,2561,1,ปานกลาง
53049041,2231205,การเขียนโปรแกรมเชิงวัตถุ,2514,2564,1,ไม่ได้เรียนด้วยครับ
53049059,2233411,โครงงานทางวิทยาการคอมพิวเตอร์ 2,2514,2563,1,ทำไมเวลาถามอะไร คุณครูพี่เบลต้องตอบแบบใส่อารมณ์ทุกครั้งด้วยคะ สงสัยมาก
53054970,2230110,อินเทอร์เน็ตในชีวิตประจำวัน,2514,2564,1,ดี
53054970,2230110,อินเทอร์เน็ตในชีวิตประจำวัน,2514,2564,2,สอนเข้าใจง่าย
53054970,2230110,อินเทอร์เน็ตในชีวิตประจำวัน,2514,2564,2,สอนดีมากครับ พลังงานอาจารย์ตอนสอน เต็มที่ทุกครั้ง
53054970,2230110,อินเทอร์เน็ตในชีวิตประจำวัน,2514,2564,2,ดีย์
53054970,2230110,อินเทอร์เน็ตในชีวิตประจำวัน,2514,2565,1,สอนดี ตรงเวลา สอนเข้าใจเนื้อหาง่าย เปิดโอกาสให้สอบถามตลอด สอนช้าไม่รีบ
53054970,2230110,อินเทอร์เน็ตในชีวิตประจำวัน,2514,2565,1,โดยรวมอาจารย์สอนได้ที่ระดับความพึงพอใจค่อนข้างดี
53054970,2230110,อินเทอร์เน็ตในชีวิตประจำวัน,2514,2565,1,ชมไว้เยอะเลยคับ สำหรับท่านนี้ พวกเราจากคนที่ไม่เป็นก็เขียนเว็บได้จริง
53054970,2230110,อินเทอร์เน็ตในชีวิตประจำวัน,2514,2565,1,จารย์สอนดีมากเข้าใจง่าย
53054970,2230110,อินเทอร์เน็ตในชีวิตประจำวัน,2514,2565,1,สอนดีมากครับ
53054970,2230110,อินเทอร์เน็ตในชีวิตประจำวัน,2514,2565,2,ส่วนตัวนักค่อนข้างเข้าใจอะไรยากทำได้ไม่ทันตามเป้าหมายแต่อาจารย์ก็ช่วยเหลือตลอดเวลาเข้าใจในศักยภาพของแต่ละคนได้เป็นอย่างดี
53054970,2230110,อินเทอร์เน็ตในชีวิตประจำวัน,2514,2566,1,"อาจารย์น่ารักมากๆค่า เป็นกันเองสุดๆมีอะไรไม่เข้าใจหรือทำไม่ได้ก็แค่ถาม อาจารย์ก็จะมาในทันใดจะไปยืนเคียงข้างเธอ เป็นคาบเรียนที่หนูเอ็นจอยมากๆค่า
"
53054970,2230110,อินเทอร์เน็ตในชีวิตประจำวัน,2514,2566,1,อาจารย์สอนดีมากๆๆเลยครับ
53054970,2230110,อินเทอร์เน็ตในชีวิตประจำวัน,2514,2566,1,ดีคับ
53054970,2230110,อินเทอร์เน็ตในชีวิตประจำวัน,2514,2566,1,ขอบคุณ
53054970,2230110,อินเทอร์เน็ตในชีวิตประจำวัน,2514,2566,2,สวัสดีครับ
53055487,2231102,หลักการเขียนโปรแกรมคอมพิวเตอร์,2514,2564,1,ใครครับ
53055487,2231102,หลักการเขียนโปรแกรมคอมพิวเตอร์,2514,2565,1,สอนดีมาก   เข้าใจนักศึกษา สอนช้า ไม่รีบ สอนจนกว่าจะเข้าใจ
53055487,2231102,หลักการเขียนโปรแกรมคอมพิวเตอร์,2514,2565,1,เอกลักษณ์ที่โดดเด่นไม่เหมือนใคร เป็นที่จดจำของนศ ทุกคนเลยคับ เรียนสนุกได้ใช้งานจริง เด็ดขาดในแบบที่ลงตัว ดีมากๆคับ
53055487,2231102,หลักการเขียนโปรแกรมคอมพิวเตอร์,2514,2566,1,อาจารย์ใจดีและสอนดีมากครับ
53055487,2231102,หลักการเขียนโปรแกรมคอมพิวเตอร์,2514,2566,1,สอนเข้าใจง่ายค่ะ
53055487,2231102,หลักการเขียนโปรแกรมคอมพิวเตอร์,2514,2566,1,อาจารย์น่ารักมากๆค่า เป็นกันเองสุดๆมีอะไรไม่เข้าใจหรือทำไม่ได้ก็แค่ถาม อาจารย์ก็จะมาในทันใดจะไปยืนเคียงข้างเธอ
53055487,2231102,หลักการเขียนโปรแกรมคอมพิวเตอร์,2514,2566,1,การเรียนในเรียนมีเนื้อหาไม่เพียงพอที่จะให้เอาไปต่อยอด การอธิบายทำให้เหมือนจะเข้าใจแต่ก็ทำให้งง ครับ
53055487,2231102,หลักการเขียนโปรแกรมคอมพิวเตอร์,2514,2566,1,ดีคับ
53055487,2231102,หลักการเขียนโปรแกรมคอมพิวเตอร์,2514,2566,1,ขอบคุณครับ
53055529,2233322,การวิเคราะห์และออกแบบเชิงวัตถุ,2514,2565,2,ไม่เคยเรียน
53055530,2233323,ปฏิบัติการระบบฐานข้อมูล,2514,2565,2,ไม่เคยเรียน
53032501,2233201,โครงสร้างไม่ต่อเนื่อง,2515,2561,1,ขอบคุณที่ให้ความช่วยเหลือตลอด
53032501,2233201,โครงสร้างไม่ต่อเนื่อง,2515,2561,1,สั่งการบ้าน โดยบอกว่าจะนำโจทย์ขึ้น classroom แต่ไม่ได้เอาลงไว้ให้ และยังให้ส่ง
53032501,2233201,โครงสร้างไม่ต่อเนื่อง,2515,2561,1,บางครั้งมีการสอนเนื้อหาที่ผิดไปบ้างควรแก้ไข
53032924,2230101,คอมพิวเตอร์พื้นฐาน,2515,2560,1,แอร์ที่ห้องหนาวจริงๆค่ะ
53049867,2243414,โครงงานทางเทคโนโลยีสารสนเทศ 2,2515,2565,1,ดีคับ
53048230,2231102,หลักการเขียนโปรแกรมคอมพิวเตอร์,2515,2560,1,ปานกลาง
53047818,2230107,โปรแกรมสำเร็จรูป,2515,2560,2,ควรเข้าสอนให้ตรงเวลา เวลาสอนไม่ควรยืดเยื้อเกินไป 
53047818,2230107,โปรแกรมสำเร็จรูป,2515,2560,2,"เกรดไม่ยุติธรรม ไปทุกวันจันทร์ ตรงเวลา ไม่เคยขาดเรียน น่าจะมีคะแนนจิตพิสัย ได้สักเกรด B+  เกรด B เป็นอย่างน้อย แต่ได้ C+ 
ฉุดเกรดทั้งหมดมากๆ วิชานี้พยายามตั้งใจที่สุดแล้ว อาจจะมีคุยบ้างถามเพื่อนข้างๆบ้าง แต่  ครูน่าจะให้เกรด ความพยายามมาเรียนและส่งงานใน ชั่วโมง ทุกครั้ง มากกว่าคะแนนสอบ (คะแนนสอบไม่ตกด้วย) "
53047818,2230107,โปรแกรมสำเร็จรูป,2515,2560,2,อธิบายละเอียดดี เข้าใจง่ายยย 
53048460,2231103,ระเบียบวิธีการเขียนโปรแกรม,2515,2560,2,ไม่มีคำติชมใดๆสอนดีมาก
53048460,2231103,ระเบียบวิธีการเขียนโปรแกรม,2515,2560,2,ปานกลาง
53048460,2231103,ระเบียบวิธีการเขียนโปรแกรม,2515,2561,2,อาจารย์สอนดีมากครับ นักศึกษาเข้าใจง่าย
53048460,2231103,ระเบียบวิธีการเขียนโปรแกรม,2515,2562,2,สอนดีแล้วครับ
53048460,2231103,ระเบียบวิธีการเขียนโปรแกรม,2515,2563,2,เวลาที่นักศึกษาถามปัญหาเรื่อง code มัน bug ช่วยกรุณาตอบให้ชัดเจนทีครับบางทีถามไปเป็นสิบบรรทัดแต่อาจารย์กลับส่งสติกเกอร์มาตัวเดียวคืออะไรหรอครับ แล้วเวลานักศึกษาถามมากๆมันก็เป็นการที่ดีไม่ใช่หรอครับไมใช่ถอนหายใจใส่นักศึกษาครับ
53048460,2231103,ระเบียบวิธีการเขียนโปรแกรม,2515,2563,2,อาจารย์ใส่ใจนักศึกษาดีมากๆครับ
53048231,2231101,วิทยาการคอมพิวเตอร์และเทคโนโลยีสารสนเทศเบื้องต้น,2515,2561,1,อาจารย์สอนดีครับ แต่ผมไม่ตั้งใจเอง
53048231,2231101,วิทยาการคอมพิวเตอร์และเทคโนโลยีสารสนเทศเบื้องต้น,2515,2561,1,อาจารย์สอนดีครับ แต่ผมไม่ตั้งใจเอง
53048231,2231101,วิทยาการคอมพิวเตอร์และเทคโนโลยีสารสนเทศเบื้องต้น,2515,2561,1,ขอบคุณครับ
53048231,2231101,วิทยาการคอมพิวเตอร์และเทคโนโลยีสารสนเทศเบื้องต้น,2515,2561,1,อาจารย์สอนดีมากครับ เข้าใจง่าย เรียนแล้วไม่เครียดมากครับ
53048231,2231101,วิทยาการคอมพิวเตอร์และเทคโนโลยีสารสนเทศเบื้องต้น,2515,2561,1,บรรยากาศภายในห้องเรียนเป็นกันเอง อธิบายเนื้อหาเข้าใจง่าย 
53048231,2231101,วิทยาการคอมพิวเตอร์และเทคโนโลยีสารสนเทศเบื้องต้น,2515,2561,1,เรียนกับอาจารย์สนุกมากเลยค่ะ 
53048231,2231101,วิทยาการคอมพิวเตอร์และเทคโนโลยีสารสนเทศเบื้องต้น,2515,2560,1,ปานกลาง
53048231,2231101,วิทยาการคอมพิวเตอร์และเทคโนโลยีสารสนเทศเบื้องต้น,2515,2561,1,อาจารย์สอนดีมากครับ และก็มีการอัพเดตเนื้อหาอยู่ตลอดเวลา ทำให้มีการเรียนรู้มากมายในห้องเรียน ไม่ใช่เพียงแค่เนื้อหาในตำราเท่านั้น ขอบคุณครับ ที่สำคัญ น่ารักและใจดีสุดๆ จากใจครับ
53049043,2231310,คอมพิวเตอร์กราฟิก,2515,2563,1,อาจารย์ควรพักนะครับ
53049046,2233201,โครงสร้างไม่ต่อเนื่อง,2515,2562,1,ลุ้นมากครับวิชานี้ เรียนบางเรื่องยังไม่ค่อยเข้าใจครับ
53049046,2233201,โครงสร้างไม่ต่อเนื่อง,2515,2562,2,ขอให้อ.ดูแลสุขภาพด้วยนะคะ
53049046,2233201,โครงสร้างไม่ต่อเนื่อง,2515,2562,2,ปานกลาง
53049046,2233201,โครงสร้างไม่ต่อเนื่อง,2515,2563,1,เนื้อหาที่สอนสามารถนำมาประยุกต์ใช้ได้จริง วิชามันยาก แต่อาจารย์พยายามหาเทคนิคการจำให้เราง่ายๆ ขอบคุณค้าาาาาาาาา
53049046,2233201,โครงสร้างไม่ต่อเนื่อง,2515,2564,2,บางทีผมก็ไม่เข้าใจว่าผมเรียนอะไรอยู่อยากให้ยกตัวอย่างให้มันง่ายขึ้นครับ
53049046,2233201,โครงสร้างไม่ต่อเนื่อง,2515,2565,1,ดีคับ
53051300,2230112,หลักเทคโนโลยีดิจิทัล,2515,2562,1,อาจารย์สอนดีมากครับ สอนสนุกเข้าใจง่าย ชอบเรียนกับอาจารย์มากครับ
53051300,2230112,หลักเทคโนโลยีดิจิทัล,2515,2562,1,สอนดีแล้วครับ
53055426,2237104,โครงสร้างดิสครีต,2515,2566,1,อยากให้มีเรียนออนไลน์ในวันที่สภาพอากาศไม่ดี งับ <3
53055426,2237104,โครงสร้างดิสครีต,2515,2566,1,ดีแล้วครับไม่ต้องปรับปรุง
53055426,2237104,โครงสร้างดิสครีต,2515,2566,1,ถ้าอาจารย์ให้เช็คคะแนนเองว่าอาจารย์กรอกครบไหม อาจารย์น่าจะแจ้งวันตัดเกรดด้วยนะคะหนูจะได้ลางานมารีบเช็ครีบแจ้งก่อนวันตัดเกรด ขอบคุณค่ะ^^
53055488,2231103,ระเบียบวิธีการเขียนโปรแกรม,2515,2564,2,สื่อการสอนเป็นภาษาอังกฤษทั้งหมด ทำให้ยากมากต่อการอ่านทำความเข้าใจโปรดแก้ไขตรงนี้ด้วย การสื่อสารไม่ค่อนจะมีสัมพันธ์กับนักศึกษา เช่น เรียนอะไรมา เข้าใจเท่าไหร่ต้องการอะไร ปรับปรุงด่วน ระหว่างสอนมีการไปสนใจเรื่องอื่นทำให้เนื้อหาที่สอนขาด ตกหล่น และไม่เข้าใจ สุดท้ายนักศึกษาถามเรื่องโปรเจคงาน โดนบอกให้ลองหาใน Google ตรงนี้ไม่ค่อยดีสักเท่าไร เพราะถ้ามีในกูเกิลก็ไม่ต้องมาศึกษาในรายวิชานี้ใช่ไหม ถูกต้องหรือไม่
53055488,2231103,ระเบียบวิธีการเขียนโปรแกรม,2515,2564,2,ดี
53055488,2231103,ระเบียบวิธีการเขียนโปรแกรม,2515,2564,2,อยากให้เอกสารประกอบการสอนเป็นภาษาไทยให้อ่านเข้าใจง่าย และอยากให้สั่งงานกลุ่มให้ตรงกับเรื่องที่สอน
53055488,2231103,ระเบียบวิธีการเขียนโปรแกรม,2515,2564,2,เนื้อหาที่สอบไม่ค่อยตรงดูเข้าใจยาก งานที่ให้นักศึกษาแบบเว่อร์ๆทำยากครับ 
53055488,2231103,ระเบียบวิธีการเขียนโปรแกรม,2515,2565,2,บางครั้งสอนไวไปค่ะตามไม่ค่อยทัน
53055488,2231103,ระเบียบวิธีการเขียนโปรแกรม,2515,2565,2,อยากได้พัดลม
53055488,2231103,ระเบียบวิธีการเขียนโปรแกรม,2515,2565,2,อาจารย์ให้คำแนะนำดีค่ะ
53055488,2231103,ระเบียบวิธีการเขียนโปรแกรม,2515,2565,2,อยากให้อาจารย์เข้าถึงเด็กมากกว่านี้ครับ บางคนตามไม่ทันครับ
53055488,2231103,ระเบียบวิธีการเขียนโปรแกรม,2515,2566,2,ทีหลังช่วยสอนmath random ก่อนสอบด้วยครับแล้วก็เรื่องData base เรื่องการดึงข้อมูลในdataมาใช้ จารย์ไม่สอนผมก็ทำโปรเจคที่จารย์สั่งไม่ได้คะแนนผมก็หายสิครับแบบนี้ จารย์สั่งให้ทำเกินที่สอนไปหน่อยครับ แต่เรื่องที่สอนในห้องสอนเข้าใจ ถ้าจารย์สอนผมมั่นใจว่าพวกผมทำได้ เทอมนี้ขอบคุณมากครับ
53055488,2231103,ระเบียบวิธีการเขียนโปรแกรม,2515,2566,2,อาจารย์สอนเนื้อหาไปไวมากจนทำให้เข้าใจเนื้อหาไม่ทันคนอื่นๆ
53055488,2231103,ระเบียบวิธีการเขียนโปรแกรม,2515,2566,2,อยากให้อาจารย์แชร์ google meet เวลาสอนค่ะ เพราะนักศึกษาที่นั่งข้างหลังมองไม่เห็นจอค่ะ เนื่องจากสไลด์ของอาจารย์ตัวหนังสือค่อนข้างตัวเล็ก ทำให้มองไม่ค่อนเห็นค่ะทุกครั้งที่จะจดโน๊ตหรือต้องพิมพ์โค๊ดตามอาจารย์ คอมเครื่องข้างหลังค่อนข้างช้านะคะ ทำให้บางที่ก็ตามอาจารย์ไม่ทันเพราะคอมอืดเนี้ยเเหละค่ะ แล้วก็อยากให้อาจารย์พูดเน้นเนื้อหาที่สำคัญๆเวลาที่อาจารย์สอนค่ะ เพราะอาจารย์ไม่ได้ให้สไลด์มาก่อนเวลาเรียนบางคำที่นักศึกษาไม่รูัก็จดไม่ถูกค่ะ แล้วก็อยากให้อาจารย์บอกแนวข้อสอบที่ละเอียดมากกว่านี้ค่ะ อยากให้ไกด์แนวที่จะออกสอบให้มากกกว่านี้ค่ะ ถ้าบอกว่าออกตามที่สอนสโคปค่อนข้างจะกว้างมากเลยค่ะ เพราะไม่ใช่นักศึกษาทุกคนจะเก่งเหมือนอย่างที่อาจารย์อยากให้เป็นนะคะ พื้นฐานของแต่ล่ะคนไม่เท่ากันค่ะนักศึกษาไม่ใช่ไม่พยายามนะคะสู้เเล้วค่ะได้เเค่นี้ ขอบคุณค่ะ
53055488,2231103,ระเบียบวิธีการเขียนโปรแกรม,2515,2566,2,Ide มีปัญหาบ่อย ระยะเวลาทำมินิโปรเจกน้อยไป 
53055488,2231103,ระเบียบวิธีการเขียนโปรแกรม,2515,2566,2,บรรยากาศในห้องเรียนทำให้กดดัน
53055488,2231103,ระเบียบวิธีการเขียนโปรแกรม,2515,2566,2,สอนดี แต่เร็วไปหน่อย ผมตามไม่ทันเข้าใจช้า
53055488,2231103,ระเบียบวิธีการเขียนโปรแกรม,2515,2566,2,อาจารย์สอนเร็ว ตามไม่ทันเพื่อนคนอื่น
53055488,2231103,ระเบียบวิธีการเขียนโปรแกรม,2515,2566,2,"อยากให้อาจารย์สอนช้าๆ เพราะหลายคนเข้าใจช้าเเล้วก็ไม่เข้าใจเลย
บรรยากาศในการเรียนดูเครียด หลายๆอย่างยศค่อนข้างจะเครียดครับ
ส่วนโปรแกรมที่อาจารย์ใช้สอน บางทีมันก็ไม่เสถียรติดขัดหลายๆอย่าง
บางครั้งอาจารย์สอนผมก็ไม่ค่อยเข้าใจครับ "
53032505,2233409,วิศวกรรมซอฟต์แวร์,2516,2561,2,เยี่ยมสอนดี
53049862,2243206,การปฏิสัมพันธ์ระหว่างมนุษย์กับคอมพิวเตอร์,2516,2562,1,อาจารย์สอนดีมากๆ พยายามใช้นู่นนี่เข้ามาเพื่อให้เราสนใจที่จะนำหลายๆอย่างที่อาจารย์แทรกมาไปพัฒนาต่อ ซึ่งวิชานี้ทำให้ได้ข้อมูลเยอะมากจริงๆคร้าา
53049862,2243206,การปฏิสัมพันธ์ระหว่างมนุษย์กับคอมพิวเตอร์,2516,2562,1,อาจารย์สอนดีมากครับ สามารถนำไปใช้งานได้จริง
53049862,2243206,การปฏิสัมพันธ์ระหว่างมนุษย์กับคอมพิวเตอร์,2516,2563,1,ดีมากครับ
53049862,2243206,การปฏิสัมพันธ์ระหว่างมนุษย์กับคอมพิวเตอร์,2516,2563,1,ขอบคุณครับ
53049862,2243206,การปฏิสัมพันธ์ระหว่างมนุษย์กับคอมพิวเตอร์,2516,2564,2,โปรแกรมบางตัวเป็นอันตรายต่อคอมนักเรียนนะครับ
53049042,2231208,อัลกอริทึมส์,2516,2562,2,สอนดีมาก ๆ ครับ เข้าใจเนื้อหาง่ายสุด ๆ 
53049042,2231208,อัลกอริทึมส์,2516,2564,1,s
53049054,2231316,การโปรแกรมขั้นสูง,2516,2562,1,เขียนโค๊ดเยอะมากครับ
53049054,2231316,การโปรแกรมขั้นสูง,2516,2563,2,อาจารย์สอนดีมากครับ
53049054,2231316,การโปรแกรมขั้นสูง,2516,2565,2,อาจารย์สอนดีมากๆค่ะ
53048231,2231101,วิทยาการคอมพิวเตอร์และเทคโนโลยีสารสนเทศเบื้องต้น,2516,2562,1,อาจารย์สอนเข้าใจมากครับ
53048231,2231101,วิทยาการคอมพิวเตอร์และเทคโนโลยีสารสนเทศเบื้องต้น,2516,2562,1,อาจารย์สอนดีมากครับ สอนสนุกเข้าใจง่าย
53048231,2231101,วิทยาการคอมพิวเตอร์และเทคโนโลยีสารสนเทศเบื้องต้น,2516,2562,1,สอนดีแล้วครับ
53049050,2233409,วิศวกรรมซอฟต์แวร์,2516,2563,1,ปังค่ะเรียนสนุกเข้าใจง่าย อาจารย์เป็นคนใจเย็น ชอบค่ะ 
53049050,2233409,วิศวกรรมซอฟต์แวร์,2516,2563,1,ขอบคุณสำหรับA+ นะครับ
53049050,2233409,วิศวกรรมซอฟต์แวร์,2516,2564,1,ชอบที่อาจารย์สอนค่ะ เนื้อหาแน่นดีค่ะ 
53049050,2233409,วิศวกรรมซอฟต์แวร์,2516,2564,1,อยากให้อาจารย์เขียนให้ดูชัดๆ มองออกง่ายๆ
53049050,2233409,วิศวกรรมซอฟต์แวร์,2516,2564,1,ลายมือมีความอ่านยากครับ ขออ่านง่ายกว่านี้อีกนิดนึง
53049050,2233409,วิศวกรรมซอฟต์แวร์,2516,2564,1,บันทึกสไลด์หลังจากการสอนเสร็จด้วยครับ ขอบคุณครับ
53049050,2233409,วิศวกรรมซอฟต์แวร์,2516,2565,1,ดีคับ
53049050,2233409,วิศวกรรมซอฟต์แวร์,2516,2566,1,อาจารย์สอนดีครับ
53049050,2233409,วิศวกรรมซอฟต์แวร์,2516,2566,1,ขอบคุณอาจารย์มากๆเลยครับ
53049066,2244304,เหมืองข้อมูล,2516,2562,2,ปานกลาง
53049864,2243413,โครงงานทางเทคโนโลยีสารสนเทศ 1,2516,2562,2,ปานกลาง
53051300,2230112,หลักเทคโนโลยีดิจิทัล,2516,2562,1,อยากให้อาจารย์สนใจในการตรวจการบ้านหน่อยคับแล้วอยากได้ช่องทางการติดต่ออาจารย์ด้วยคับ
53051300,2230112,หลักเทคโนโลยีดิจิทัล,2516,2562,1,อาจารย์สอนดีมากครับ สอยสนุกเข้าใจง่าย
53051300,2230112,หลักเทคโนโลยีดิจิทัล,2516,2562,1,สอนดีแล้วครับ
53055425,2237101,พื้นฐานทางวิทยาการคอมพิวเตอร์และเทคโนโลยีสารสนเทศ,2516,2564,1,อาจารย์สอนเข้าใจมากครับ
53055425,2237101,พื้นฐานทางวิทยาการคอมพิวเตอร์และเทคโนโลยีสารสนเทศ,2516,2564,1,อาจารย์ใจดีมากๆครับชอบเรียนมากๆเลย
53055425,2237101,พื้นฐานทางวิทยาการคอมพิวเตอร์และเทคโนโลยีสารสนเทศ,2516,2565,1,ไม่บอกแนวข้อสอบ เนื้อหาไม่เข้าใจ เหมือนอ่านให้ฟัง ผมไม่นับว่าเป็นการสอน เป็นการเล่าสู่กันฟัง
53055425,2237101,พื้นฐานทางวิทยาการคอมพิวเตอร์และเทคโนโลยีสารสนเทศ,2516,2565,1,อาจารย์ควรพูดช้าลงหน่อย บางเรื่องฟังไม่ทัน
53055425,2237101,พื้นฐานทางวิทยาการคอมพิวเตอร์และเทคโนโลยีสารสนเทศ,2516,2565,1,อาจารย์?ใจดีเป็นกันเอง สอนเข้าใจง่าย
53055425,2237101,พื้นฐานทางวิทยาการคอมพิวเตอร์และเทคโนโลยีสารสนเทศ,2516,2565,1,"ควรแจ้งอะไรล่วงหน้ามากกว่านี้ ไม่ใช่เรียน8โมง แจ้งยกคลาสตอน7โมง นักศึกษาบางคนตื่นแต่เช้าเพื่อเดินทางมามหาวิทยาลัยแต่ต้องกลับไปบ้านเพราะอาจารย์ยกคลาส
"
53055425,2237101,พื้นฐานทางวิทยาการคอมพิวเตอร์และเทคโนโลยีสารสนเทศ,2516,2565,1,อาจารย์สอนสนุกมากครับ
53055425,2237101,พื้นฐานทางวิทยาการคอมพิวเตอร์และเทคโนโลยีสารสนเทศ,2516,2566,1,อาจารย์สอนดี เข้าใจแล้วก็มีแบบฝึกให้ทำท้ายบทเป็นการบททวนความรู้หรือความเข้าใจของผู้เรียนค่ะ
53055425,2237101,พื้นฐานทางวิทยาการคอมพิวเตอร์และเทคโนโลยีสารสนเทศ,2516,2566,1,ดีคับ
53055425,2237101,พื้นฐานทางวิทยาการคอมพิวเตอร์และเทคโนโลยีสารสนเทศ,2516,2566,1,ขอบคุณ
53055486,2244304,เหมืองข้อมูล,2516,2566,2,ชอบวิชานี้ที่สุดในเทอมนี้เลยค่าาอาจารย์สอนเข้าใจง่ายเนื้อหาไม่หนักไป
53055486,2244304,เหมืองข้อมูล,2516,2566,2,ควรบอกแนวข้อสอบนักศึกษาค่ะ
53055486,2244304,เหมืองข้อมูล,2516,2566,2,อาจารย์สอนดีมากครับ ได้รับความรู้ใหม่และเทคนิคต่างๆสามารถนำมาปรับใช้ในการประกอบอาชีพและโครงานได้เยอะเลยครับ
53055489,2231208,อัลกอริทึมส์,2516,2566,1,รอาจารย์น่ารักมากค่ะสอนเข้าใจง่ายถ้าไม่เข้าใจตรงไหนเดินมาอธิบายถึงโต๊ะเลย อาจารย์ไม่เคยหงุดหงิดใส่นศ.เลยใจดีมากๆเลยค้า
53055528,2233225,วิทยาศาสตร์ข้อมูลเบื้องต้น,2516,2566,2,วิชานี้อาจารย์ก็สอนดีเหมือนเดิมไม่เข้าใจตรงไหนก็สามารถถามได้
53055528,2233225,วิทยาศาสตร์ข้อมูลเบื้องต้น,2516,2566,2,ควรบอกแนวข้อสอบนักศึกษาค่ะ
53032502,2233205,ทฤษฎีการคำนวณ,2518,2561,2,อยากให้อาจารย์ แปลอังกฤษให้ด้วยค่ะ บางทีมัน งงๆ
53048230,2231102,หลักการเขียนโปรแกรมคอมพิวเตอร์,2518,2561,1,ดีมากครับ
53048230,2231102,หลักการเขียนโปรแกรมคอมพิวเตอร์,2518,2561,1,ขอบคุณครับ
53048230,2231102,หลักการเขียนโปรแกรมคอมพิวเตอร์,2518,2561,1,อาจารย์สอนดีครับ
53048230,2231102,หลักการเขียนโปรแกรมคอมพิวเตอร์,2518,2561,1,อาจารย์ให้คำแนะนำและช่วยเหลือ  ในการเรียนได้เป็นอย่างดี 
53048230,2231102,หลักการเขียนโปรแกรมคอมพิวเตอร์,2518,2561,1,อยากให้อาจารย์มาสอนอีกค่ะ
53048230,2231102,หลักการเขียนโปรแกรมคอมพิวเตอร์,2518,2561,1,อาจารย์สอนเก่งมากค้าบบบ นศ เลย อยากตั้งใจเรียนไปด้วย
53049047,2233205,ทฤษฎีการคำนวณ,2518,2565,2,อยากให้อาจารย์เตรียมการสอน และทำสไลด์ให้ดูเข้าใจง่ายกว่านี้คะ หนูรู้สึกว่าอาจารย์สอนแล้วรู้สึกไม่มั่นใจในคำตอบเลยทำให้ตอนเรียนหนูไม่ค่อยเข้าใจว่าทำแบบนี้ถูกไหม คำตอบถูกหรือยังคะ และหนูก็คิดว่าสิ่งที่อาจารย์สอนมันดูเข้าใจง่ายก็จริงแต่ตอนอธิบายมันทำให้หนูรู้สึกขัดแย้งนิดนึงคะ อยากให้อาจารย์ปรับเรื่องนี้ด้วยคะ  ขอบคุณค่ะ :):):):):):):):):):):):):):):):):):)
53048231,2231101,วิทยาการคอมพิวเตอร์และเทคโนโลยีสารสนเทศเบื้องต้น,2518,2562,1,อาจารย์สอนสนุกและเข้าใจมากขึ้นครับ
53048231,2231101,วิทยาการคอมพิวเตอร์และเทคโนโลยีสารสนเทศเบื้องต้น,2518,2562,1,อาจารย์สอนดีมากครับ เอาใจใส่เด็กมาก เรียนสนุกไม่เคลียด สอนเข้าใจง่าย ชอบเรียนกับอาจารย์มากครับ
53048231,2231101,วิทยาการคอมพิวเตอร์และเทคโนโลยีสารสนเทศเบื้องต้น,2518,2562,1,สอนดีแล้วครับ
53048231,2231101,วิทยาการคอมพิวเตอร์และเทคโนโลยีสารสนเทศเบื้องต้น,2518,2562,1,ขอบคุณครับ
53048231,2231101,วิทยาการคอมพิวเตอร์และเทคโนโลยีสารสนเทศเบื้องต้น,2518,2563,1,อาจารย์บางทีเตรียมพร้อมเนื้อหามาสอนยังไม่ค่อยดี ทำให้นักศึกษาไม่ค่อยเข้าใจ และเรื่องเวลาอาจารเข้าสอนช้าบ่อย แต่อาจารย์เอาใจใส่เด็กมากๆ ใจดี และให้คำปรึกษาดี เข้ากับเด็กง่าย. เป็นกันเอง
53048231,2231101,วิทยาการคอมพิวเตอร์และเทคโนโลยีสารสนเทศเบื้องต้น,2518,2563,1,อาจารย์ตั้งใจสอนจัดๆ ขอบคุณค่ะ
53048480,2235302,เครือข่ายคอมพิวเตอร์,2518,2563,2,ดีมากครับ
53049865,2245404,การจัดการเครือข่ายคอมพิวเตอร์,2518,2562,1,ปานกลาง
53049875,2245405,ความมั่นคงของระบบสารสนเทศ,2518,2562,2,ปานกลาง
53049875,2245405,ความมั่นคงของระบบสารสนเทศ,2518,2565,2,อาจารย์สอนดี สิ่งที่อาจารย์สอนมาจากเรื่องจริง ขอบคุณอาจารย์ที่ถ่ายทอดให้ครับ
53055425,2237101,พื้นฐานทางวิทยาการคอมพิวเตอร์และเทคโนโลยีสารสนเทศ,2518,2564,1,ดีครับ
53055425,2237101,พื้นฐานทางวิทยาการคอมพิวเตอร์และเทคโนโลยีสารสนเทศ,2518,2564,1,อาจารย์ให้ความรู้ดีมากๆครับ
53055425,2237101,พื้นฐานทางวิทยาการคอมพิวเตอร์และเทคโนโลยีสารสนเทศ,2518,2565,1,อาจารย์?สอนได้ดี ใจดีมากๆเป็นกันเอง 
53055425,2237101,พื้นฐานทางวิทยาการคอมพิวเตอร์และเทคโนโลยีสารสนเทศ,2518,2565,1,ควรแจ้งยกคลาสล่วงหน้า อย่างอื่นดีหมดครับ
53055425,2237101,พื้นฐานทางวิทยาการคอมพิวเตอร์และเทคโนโลยีสารสนเทศ,2518,2565,1,บางครั้งความใจดีของอาจารย์อาจทำให้เด็กบาวคนที่มักง่ายและไม่ตั้งใจทำให้ครูเหนื่อยบ้างกระผมเห็นว่าการดุและแสดงด้านที่จริงจังให้ทุกคนเกรงใจก็เป็นสิ่งที่ควรทำบ้างกับเด็กสมัยนี้ที่เผิกเฉยต่อการศึกษา บางคนเท่านั้น แต่อาจารย์ท่านนี้สอนดีและทำดีมากๆคับในทุกคลาส 
53055425,2237101,พื้นฐานทางวิทยาการคอมพิวเตอร์และเทคโนโลยีสารสนเทศ,2518,2565,1,สอนสนุกมากครับ ยิ้มทั้งคาบ
53055425,2237101,พื้นฐานทางวิทยาการคอมพิวเตอร์และเทคโนโลยีสารสนเทศ,2518,2565,1,อาจารย์ให้ความบันเทิงระหว่างสอนดี 
53055425,2237101,พื้นฐานทางวิทยาการคอมพิวเตอร์และเทคโนโลยีสารสนเทศ,2518,2566,1,สอนดีมากครับไม่เครียดเรียนสนุกดี
53055425,2237101,พื้นฐานทางวิทยาการคอมพิวเตอร์และเทคโนโลยีสารสนเทศ,2518,2566,1,อาจารย์น่ารักค่ะ เป็นกันเองสุดๆ
53055425,2237101,พื้นฐานทางวิทยาการคอมพิวเตอร์และเทคโนโลยีสารสนเทศ,2518,2566,1,ดีคับ
53055425,2237101,พื้นฐานทางวิทยาการคอมพิวเตอร์และเทคโนโลยีสารสนเทศ,2518,2566,1,ขอบคุณ
53055504,2233205,ทฤษฎีการคำนวณ,2518,2566,2,อยากให้ศึกษาเรื่องที่จะมาสอนใช้คำพูดที่เข้าใจมากกว่านี้ไม่พูดงงๆ
53055534,2235312,ปฏิบัติการเครือข่ายคอมพิวเตอร์,2518,2565,2,พอได้ครับ
53055534,2235312,ปฏิบัติการเครือข่ายคอมพิวเตอร์,2518,2566,2,"สอนสนุกผ่อนคลายตามไสตล์อาจารย์บัว ให้อารมณ์เดินลุยกองไฟและโผล่มาเจอแม่น้ำ สอนสนุกเข้าใจง่ายมากคับ ทำตามได้ทุกอย่าง 
เป็นครั้งแรกที่เพื่อนพากันขอดูงานคนอย่างเรา"
53055534,2235312,ปฏิบัติการเครือข่ายคอมพิวเตอร์,2518,2566,2," ด้วยเวลาที่น้อยและความจำเป็นที่ต้องรวบรัดเนื้อหา ผมคอมเมนต์อะไรเพิ่มเติมครับ
 อยากให้มีเนื้อหาสอน chmod chown เอาไว้ให้น้องๆ รู้จักการสวมมงกุฎโฟลเดอร์ ไม่ให้มันถามรหัสบ่อยๆ กับ Folder /opt
 สอนวิธีลง wsl ด้วยก็ดีครับ จะได้รู้จักการอ่าน Doc แล้วลองทำตามด้วยตัวเองได้ เพิ่มความกล้า ความชำนาญ เดี๋ยวนี้ใช้ 2 คำสั่งเอง ลง wsl2 ได้ละ
 สอนให้นักศึกษาใช้ Github ด้วยก็ดีครับ ไม่ต้องใช้ Github ที่เป็นแอป ใช้ github แบบ commandLine เนี่ยเเหละ พวก git add , git commit , git status , git push สอนไว้ตอนนี้อนาคตทำงานสายนี้ได้ใช้แน่"
53044300,2231215,การเขียนโปรแกรมบนเว็บ,2519,2561,2,อาจารย์สอนดีมาก ๆ เลยครับ 
53044304,2234404,โครงงานทางเทคโนโลยีสารสนเทศ 2,2519,2562,2,อาจารย์สอนเข้าใจง่าย
53049861,2241215,การเขียนโปรแกรมบนเว็บ,2519,2562,1,ดี 
53049861,2241215,การเขียนโปรแกรมบนเว็บ,2519,2564,1,ลดงานลงหน่อยจะดีมากครับ 
53048481,2234405,การศึกษาเฉพาะเรื่องทางวิทยาการคอมพิวเตอร์,2519,2562,2,สอนดีมาก ๆ เลยครับ เข้าใจง่ายสุด ๆ 
53048481,2234405,การศึกษาเฉพาะเรื่องทางวิทยาการคอมพิวเตอร์,2519,2564,2,ควรลำดับเรื่องการสอนที่จำเป็นที่ต้องนำไปใช้จริงก่อนแล้วค่อยเสริมเรื่องย่อยๆครับ
53048481,2234405,การศึกษาเฉพาะเรื่องทางวิทยาการคอมพิวเตอร์,2519,2564,2,เข้าเนื้อหาที่สำคัญสำหรับเรื่องที่จะต้องเรียนช้าไป ควรจัดหรือวางแผนเนื้อหาการสอนให้ดีกว่านี้
53048481,2234405,การศึกษาเฉพาะเรื่องทางวิทยาการคอมพิวเตอร์,2519,2564,2,ควรวางแผนการสอนให้ตรงกับเวลาสอน เนื้อหาหลักได้ไม่ครบเพราะใช้เวลาไปกับเรื่องอื่นมากไป และเข้าเนื้อหาหลักช้า
53048481,2234405,การศึกษาเฉพาะเรื่องทางวิทยาการคอมพิวเตอร์,2519,2564,2,เข้าเนื้อหาการสอนช้าเกินไป ไม่ได้เตรียมการสอนมาดีพอทำให้เวลาไม่พอสำหรับบางชั่วโมง
53048481,2234405,การศึกษาเฉพาะเรื่องทางวิทยาการคอมพิวเตอร์,2519,2564,2,อยากให้อาจารย์เข้าเนื้อเรื่องเลยครับ
53049045,2232304,ระบบปฏิบัติการ,2519,2562,1,ปานกลาง
53049065,2244303,ระบบสนับสนุนการตัดสินใจ,2519,2562,2,ปานกลาง
53048480,2235302,เครือข่ายคอมพิวเตอร์,2519,2561,2,อาจารย์สอนดีมาก ๆ เลยครับ 
53049057,2233307,ปัญญาประดิษฐ์,2519,2562,1,สนุกมากครับ เรียนแล้วรู้สึกว่าฉลาดขึ้นมากกๆๆๆ
53049864,2243413,โครงงานทางเทคโนโลยีสารสนเทศ 1,2519,2562,2,ปานกลาง
53051300,2230112,หลักเทคโนโลยีดิจิทัล,2519,2563,1,อาจารย์ตั้งใจสอนมากครับ
53051300,2230112,หลักเทคโนโลยีดิจิทัล,2519,2563,1,สอนดีมากครับเข้าใจสุดๆ
53054972,2230112,หลักเทคโนโลยีดิจิทัล,2519,2564,1,ตอนสอบอาจารย์ชี้แจ้งไม่ชัดเจนทำให้พลาดที่จะทำข้อสอบได้เต็มที่
53054972,2230112,หลักเทคโนโลยีดิจิทัล,2519,2564,1,ให้งานเยอะไปหน่อยครับ
53054972,2230112,หลักเทคโนโลยีดิจิทัล,2519,2564,1,ดีครับเหมือนดูยูทูปเลย สอบ85ข้อ40นาทีเกินไปนะครับ แถมยังตอบได้มากกว่า1อีก หารแล้วตกข้อละ30วิ แฮ่กๆ
53054972,2230112,หลักเทคโนโลยีดิจิทัล,2519,2564,1,อาจารย์ใจดีมากๆครับตอบทุกปัญหา เรียนแล้วรู้เรื่องขึ้นเยอะเลยครับ # ข้อสอบแอบโหดไปนิดนึงครับจารย์
